name,dept,area,count,adjustedcount,year
Aaron M. Dollar,Yale University,icra,1.0,0.5,2007
Aaron M. Dollar,Yale University,icra,6.0,2.6667,2011
Aaron M. Dollar,Yale University,icra,2.0,0.83333,2012
Aaron M. Dollar,Yale University,icra,4.0,1.5,2013
Aaron M. Dollar,Yale University,icra,2.0,0.58333,2014
Aaron M. Dollar,Yale University,icra,3.0,0.75,2015
Aaron M. Dollar,Yale University,icra,2.0,0.75,2016
Aaron M. Dollar,Yale University,icra,4.0,1.5,2017
Aaron M. Dollar,Yale University,icra,2.0,0.75,2018
Aaron M. Dollar,Yale University,icra,5.0,1.8333,2019
Aaron M. Dollar,Yale University,icra,1.0,0.5,2020
Aaron M. Dollar,Yale University,icra,1.0,0.16667,2021
Aaron M. Dollar,Yale University,icra,2.0,0.58333,2023
Aaron M. Dollar,Yale University,icra,3.0,0.575,2024
Aaron M. Dollar,Yale University,icra,1.0,0.2,2025
Aaron M. Dollar,Yale University,iros,1.0,0.5,2003
Aaron M. Dollar,Yale University,iros,1.0,0.5,2008
Aaron M. Dollar,Yale University,iros,1.0,0.5,2010
Aaron M. Dollar,Yale University,iros,3.0,1.5,2011
Aaron M. Dollar,Yale University,iros,3.0,1.0833,2012
Aaron M. Dollar,Yale University,iros,4.0,1.6667,2014
Aaron M. Dollar,Yale University,iros,2.0,0.58333,2015
Aaron M. Dollar,Yale University,iros,2.0,1.0,2016
Aaron M. Dollar,Yale University,iros,4.0,2.0,2017
Aaron M. Dollar,Yale University,iros,1.0,0.25,2019
Aaron M. Dollar,Yale University,iros,1.0,0.33333,2020
Aaron M. Dollar,Yale University,iros,1.0,0.5,2021
Aaron M. Dollar,Yale University,iros,1.0,0.2,2023
Aaron M. Dollar,Yale University,iros,1.0,0.2,2024
Aaron M. Dollar,Yale University,iros,2.0,0.45,2025
Aaron M. Dollar,Yale University,rss,1.0,0.5,2010
Aaron M. Dollar,Yale University,rss,1.0,0.16667,2021
Abhishek Bhattacharjee,Yale University,asplos,1.0,0.5,2010
Abhishek Bhattacharjee,Yale University,asplos,1.0,0.33333,2014
Abhishek Bhattacharjee,Yale University,asplos,1.0,0.25,2016
Abhishek Bhattacharjee,Yale University,asplos,2.0,1.5,2017
Abhishek Bhattacharjee,Yale University,asplos,1.0,0.125,2018
Abhishek Bhattacharjee,Yale University,asplos,1.0,0.25,2019
Abhishek Bhattacharjee,Yale University,asplos,1.0,0.2,2020
Abhishek Bhattacharjee,Yale University,asplos,2.0,0.5,2021
Abhishek Bhattacharjee,Yale University,asplos,1.0,0.0625,2023
Abhishek Bhattacharjee,Yale University,asplos,1.0,0.25,2025
Abhishek Bhattacharjee,Yale University,hpca,1.0,0.25,2014
Abhishek Bhattacharjee,Yale University,hpca,1.0,0.14286,2023
Abhishek Bhattacharjee,Yale University,isca,1.0,0.5,2009
Abhishek Bhattacharjee,Yale University,isca,1.0,0.25,2017
Abhishek Bhattacharjee,Yale University,isca,3.0,0.64286,2018
Abhishek Bhattacharjee,Yale University,isca,1.0,0.25,2019
Abhishek Bhattacharjee,Yale University,isca,1.0,0.125,2020
Abhishek Bhattacharjee,Yale University,isca,1.0,0.16667,2021
Abhishek Bhattacharjee,Yale University,isca,2.0,0.26786,2023
Abhishek Bhattacharjee,Yale University,isca,1.0,0.125,2025
Abhishek Bhattacharjee,Yale University,micro,2.0,0.45,2012
Abhishek Bhattacharjee,Yale University,micro,1.0,1.0,2013
Abhishek Bhattacharjee,Yale University,micro,1.0,0.25,2015
Abhishek Bhattacharjee,Yale University,micro,1.0,1.0,2017
Abhishek Bhattacharjee,Yale University,micro,1.0,0.25,2018
Abhishek Bhattacharjee,Yale University,micro,1.0,0.25,2023
Abhishek Bhattacharjee,Yale University,sosp,1.0,0.16667,2021
Abhishek Bhattacharjee,Yale University,sosp,1.0,0.125,2025
Alex Wong 0001,Yale University,aaai,1.0,0.33333,2021
Alex Wong 0001,Yale University,cvpr,2.0,0.83333,2019
Alex Wong 0001,Yale University,cvpr,1.0,0.2,2022
Alex Wong 0001,Yale University,cvpr,2.0,0.225,2023
Alex Wong 0001,Yale University,cvpr,4.0,0.8171,2024
Alex Wong 0001,Yale University,cvpr,1.0,0.16667,2025
Alex Wong 0001,Yale University,eccv,2.0,0.29091,2022
Alex Wong 0001,Yale University,eccv,3.0,0.47619,2024
Alex Wong 0001,Yale University,iccv,1.0,0.5,2015
Alex Wong 0001,Yale University,iccv,1.0,0.5,2021
Alex Wong 0001,Yale University,icml,1.0,0.2,2024
Alex Wong 0001,Yale University,iros,1.0,0.1,2024
Alex Wong 0001,Yale University,nips,1.0,0.33333,2011
Alex Wong 0001,Yale University,nips,1.0,0.33333,2020
Alex Wong 0001,Yale University,nips,1.0,0.11111,2024
Alex Wong 0001,Yale University,siggraph-asia,1.0,0.125,2023
Alex Wong 0001,Yale University,usenixsec,1.0,0.33333,2025
Alexander K. Lew,Yale University,iclr,1.0,0.066667,2025
Alexander K. Lew,Yale University,lics,1.0,0.25,2023
Alexander K. Lew,Yale University,pldi,1.0,0.25,2019
Alexander K. Lew,Yale University,pldi,1.0,0.25,2023
Alexander K. Lew,Yale University,pldi,2.0,0.25397,2024
Alexander K. Lew,Yale University,pldi,1.0,0.2,2025
Alexander K. Lew,Yale University,popl,1.0,0.2,2020
Alexander K. Lew,Yale University,popl,1.0,0.25,2023
Amin Karbasi,Yale University,aaai,2.0,0.36667,2015
Amin Karbasi,Yale University,aaai,1.0,0.33333,2016
Amin Karbasi,Yale University,aaai,1.0,0.33333,2017
Amin Karbasi,Yale University,aaai,1.0,0.33333,2019
Amin Karbasi,Yale University,aaai,1.0,0.25,2021
Amin Karbasi,Yale University,iclr,2.0,0.45,2022
Amin Karbasi,Yale University,iclr,2.0,0.41667,2023
Amin Karbasi,Yale University,iclr,2.0,0.29167,2024
Amin Karbasi,Yale University,iclr,1.0,0.125,2025
Amin Karbasi,Yale University,icml,1.0,0.33333,2012
Amin Karbasi,Yale University,icml,1.0,0.33333,2013
Amin Karbasi,Yale University,icml,1.0,0.2,2014
Amin Karbasi,Yale University,icml,1.0,0.33333,2016
Amin Karbasi,Yale University,icml,3.0,0.83333,2017
Amin Karbasi,Yale University,icml,5.0,1.5,2018
Amin Karbasi,Yale University,icml,2.0,0.45,2019
Amin Karbasi,Yale University,icml,2.0,0.5,2020
Amin Karbasi,Yale University,icml,1.0,0.25,2021
Amin Karbasi,Yale University,icml,1.0,0.25,2022
Amin Karbasi,Yale University,icml,3.0,0.75,2023
Amin Karbasi,Yale University,icml,2.0,0.25556,2024
Amin Karbasi,Yale University,icml,2.0,0.36667,2025
Amin Karbasi,Yale University,ijcai,1.0,0.33333,2015
Amin Karbasi,Yale University,kdd,1.0,0.25,2014
Amin Karbasi,Yale University,nips,2.0,0.5,2013
Amin Karbasi,Yale University,nips,1.0,0.25,2015
Amin Karbasi,Yale University,nips,2.0,0.66667,2016
Amin Karbasi,Yale University,nips,3.0,0.91667,2017
Amin Karbasi,Yale University,nips,1.0,0.33333,2018
Amin Karbasi,Yale University,nips,3.0,0.7,2019
Amin Karbasi,Yale University,nips,4.0,1.25,2020
Amin Karbasi,Yale University,nips,4.0,1.1667,2021
Amin Karbasi,Yale University,nips,7.0,1.7833,2022
Amin Karbasi,Yale University,nips,4.0,0.9,2023
Amin Karbasi,Yale University,nips,5.0,1.1429,2024
Amin Karbasi,Yale University,sigmetrics,1.0,0.5,2010
Amin Karbasi,Yale University,stoc,1.0,0.33333,2019
Andre Wibisono,Yale University,iclr,3.0,1.5,2023
Andre Wibisono,Yale University,icml,1.0,0.25,2022
Andre Wibisono,Yale University,nips,1.0,0.25,2012
Andre Wibisono,Yale University,nips,2.0,0.45,2013
Andre Wibisono,Yale University,nips,1.0,0.5,2014
Andre Wibisono,Yale University,nips,2.0,0.83333,2019
Andre Wibisono,Yale University,nips,1.0,0.33333,2022
Andre Wibisono,Yale University,nips,1.0,0.33333,2023
Andre Wibisono,Yale University,soda,1.0,0.33333,2021
Andre Wibisono,Yale University,stoc,1.0,0.33333,2012
Anurag Khandelwal,Yale University,asplos,1.0,0.25,2025
Anurag Khandelwal,Yale University,eurosys,1.0,0.2,2022
Anurag Khandelwal,Yale University,eurosys,1.0,0.33333,2024
Anurag Khandelwal,Yale University,isca,1.0,0.125,2023
Anurag Khandelwal,Yale University,isca,1.0,0.33333,2025
Anurag Khandelwal,Yale University,nsdi,1.0,0.33333,2015
Anurag Khandelwal,Yale University,nsdi,1.0,0.33333,2016
Anurag Khandelwal,Yale University,nsdi,1.0,0.33333,2019
Anurag Khandelwal,Yale University,nsdi,1.0,0.2,2021
Anurag Khandelwal,Yale University,nsdi,1.0,0.25,2023
Anurag Khandelwal,Yale University,osdi,1.0,0.25,2022
Anurag Khandelwal,Yale University,osdi,1.0,0.16667,2023
Anurag Khandelwal,Yale University,osdi,1.0,0.33333,2025
Anurag Khandelwal,Yale University,sigmod,1.0,0.2,2017
Anurag Khandelwal,Yale University,sigmod,1.0,0.33333,2020
Anurag Khandelwal,Yale University,sosp,1.0,0.16667,2021
Anurag Khandelwal,Yale University,sosp,2.0,0.375,2025
Anurag Khandelwal,Yale University,usenixsec,1.0,0.14286,2020
Anurag Khandelwal,Yale University,usenixsec,1.0,0.33333,2024
Anurag Khandelwal,Yale University,usenixsec,1.0,0.33333,2025
Arman Cohan,Yale University,aaai,1.0,0.2,2025
Arman Cohan,Yale University,acl,1.0,0.2,2020
Arman Cohan,Yale University,acl,3.0,0.59286,2022
Arman Cohan,Yale University,acl,1.0,0.2,2023
Arman Cohan,Yale University,acl,5.0,0.87326,2024
Arman Cohan,Yale University,acl,8.0,1.4528,2025
Arman Cohan,Yale University,cvpr,1.0,0.0625,2025
Arman Cohan,Yale University,emnlp,1.0,0.5,2015
Arman Cohan,Yale University,emnlp,1.0,0.33333,2017
Arman Cohan,Yale University,emnlp,2.0,0.53333,2019
Arman Cohan,Yale University,emnlp,2.0,0.47619,2020
Arman Cohan,Yale University,emnlp,3.0,0.48333,2023
Arman Cohan,Yale University,emnlp,4.0,0.7119,2024
Arman Cohan,Yale University,iclr,2.0,0.22619,2025
Arman Cohan,Yale University,icml,2.0,0.64286,2024
Arman Cohan,Yale University,naacl,1.0,0.33333,2015
Arman Cohan,Yale University,naacl,1.0,0.25,2019
Arman Cohan,Yale University,naacl,1.0,0.16667,2021
Arman Cohan,Yale University,naacl,3.0,0.72619,2022
Arman Cohan,Yale University,naacl,2.0,0.325,2024
Arman Cohan,Yale University,naacl,4.0,0.75,2025
Arman Cohan,Yale University,nips,1.0,0.25,2021
Arman Cohan,Yale University,sigir,1.0,0.16667,2021
Avi Silberschatz,Yale University,focs,1.0,0.5,1979
Avi Silberschatz,Yale University,icde,2.0,0.83333,1991
Avi Silberschatz,Yale University,icde,1.0,0.33333,1997
Avi Silberschatz,Yale University,icde,1.0,0.33333,1998
Avi Silberschatz,Yale University,icde,2.0,0.53333,1999
Avi Silberschatz,Yale University,kdd,1.0,0.5,1995
Avi Silberschatz,Yale University,pods,1.0,0.33333,1982
Avi Silberschatz,Yale University,pods,1.0,0.5,1984
Avi Silberschatz,Yale University,pods,1.0,0.33333,1987
Avi Silberschatz,Yale University,pods,1.0,0.33333,1988
Avi Silberschatz,Yale University,pods,1.0,0.5,1990
Avi Silberschatz,Yale University,pods,1.0,0.2,1992
Avi Silberschatz,Yale University,pods,2.0,0.53333,1993
Avi Silberschatz,Yale University,pods,1.0,0.33333,1995
Avi Silberschatz,Yale University,pods,1.0,0.33333,1996
Avi Silberschatz,Yale University,pods,1.0,0.33333,1997
Avi Silberschatz,Yale University,pods,1.0,0.25,1998
Avi Silberschatz,Yale University,pods,1.0,0.2,2013
Avi Silberschatz,Yale University,popl,1.0,0.5,1986
Avi Silberschatz,Yale University,sigcomm,1.0,0.25,2001
Avi Silberschatz,Yale University,sigcomm,1.0,0.2,2008
Avi Silberschatz,Yale University,sigmetrics,1.0,0.5,1996
Avi Silberschatz,Yale University,sigmod,1.0,0.33333,1981
Avi Silberschatz,Yale University,sigmod,2.0,1.0,1988
Avi Silberschatz,Yale University,sigmod,2.0,0.66667,1990
Avi Silberschatz,Yale University,sigmod,1.0,0.33333,1991
Avi Silberschatz,Yale University,sigmod,1.0,0.2,1992
Avi Silberschatz,Yale University,sigmod,3.0,1.0,1996
Avi Silberschatz,Yale University,sigmod,1.0,0.2,1999
Avi Silberschatz,Yale University,uist,1.0,0.33333,2012
Avi Silberschatz,Yale University,usenixatc,1.0,0.25,1998
Avi Silberschatz,Yale University,usenixatc,2.0,0.4,1999
Avi Silberschatz,Yale University,usenixatc,1.0,0.25,2000
Avi Silberschatz,Yale University,vldb,1.0,0.5,1980
Avi Silberschatz,Yale University,vldb,1.0,0.33333,1981
Avi Silberschatz,Yale University,vldb,1.0,0.33333,1982
Avi Silberschatz,Yale University,vldb,1.0,0.5,1983
Avi Silberschatz,Yale University,vldb,1.0,0.5,1985
Avi Silberschatz,Yale University,vldb,2.0,0.66667,1990
Avi Silberschatz,Yale University,vldb,1.0,0.33333,1992
Avi Silberschatz,Yale University,vldb,1.0,0.33333,1993
Avi Silberschatz,Yale University,vldb,2.0,0.45,1994
Avi Silberschatz,Yale University,vldb,1.0,0.33333,1996
Avi Silberschatz,Yale University,vldb,3.0,0.7,1997
Avi Silberschatz,Yale University,vldb,1.0,0.33333,1998
Avi Silberschatz,Yale University,vldb,1.0,0.2,2009
Avi Silberschatz,Yale University,vldb,1.0,0.25,2019
Baogang Wei,Zhejiang University,aaai,1.0,0.14286,2017
Baogang Wei,Zhejiang University,icra,1.0,0.33333,2004
Baogang Wei,Zhejiang University,iros,1.0,0.5,2003
Baogang Wei,Zhejiang University,naacl,1.0,0.2,2015
Ben Fisch,Yale University,ccs,1.0,0.25,2017
Ben Fisch,Yale University,ccs,1.0,0.25,2019
Ben Fisch,Yale University,ccs,1.0,0.2,2022
Ben Fisch,Yale University,ccs,2.0,0.75,2024
Ben Fisch,Yale University,ccs,2.0,0.47619,2025
Ben Fisch,Yale University,crypto,1.0,0.33333,2014
Ben Fisch,Yale University,crypto,1.0,0.25,2018
Ben Fisch,Yale University,crypto,1.0,0.33333,2019
Ben Fisch,Yale University,crypto,1.0,0.25,2021
Ben Fisch,Yale University,crypto,1.0,0.33333,2023
Ben Fisch,Yale University,crypto,2.0,0.47619,2024
Ben Fisch,Yale University,eurocrypt,1.0,1.0,2019
Ben Fisch,Yale University,eurocrypt,1.0,0.33333,2020
Ben Fisch,Yale University,eurocrypt,1.0,0.16667,2025
Ben Fisch,Yale University,oakland,1.0,0.14286,2015
Ben Fisch,Yale University,oakland,1.0,0.25,2025
Ben Fisch,Yale University,usenixsec,1.0,0.14286,2023
Ben Fisch,Yale University,wine,1.0,0.33333,2017
Bingsheng Zhang,Zhejiang University,aaai,1.0,0.125,2025
Bingsheng Zhang,Zhejiang University,ccs,1.0,0.33333,2015
Bingsheng Zhang,Zhejiang University,eurocrypt,1.0,0.33333,2015
Bingsheng Zhang,Zhejiang University,eurocrypt,1.0,0.25,2023
Bingsheng Zhang,Zhejiang University,ndss,1.0,0.33333,2019
Bingsheng Zhang,Zhejiang University,ndss,1.0,0.25,2025
Bingsheng Zhang,Zhejiang University,oakland,1.0,0.125,2025
Bingsheng Zhang,Zhejiang University,usenixsec,2.0,0.25,2025
Bohan Zhuang,Zhejiang University,aaai,1.0,0.2,2018
Bohan Zhuang,Zhejiang University,aaai,1.0,0.16667,2021
Bohan Zhuang,Zhejiang University,aaai,1.0,0.2,2022
Bohan Zhuang,Zhejiang University,aaai,1.0,0.16667,2025
Bohan Zhuang,Zhejiang University,cvpr,1.0,0.25,2016
Bohan Zhuang,Zhejiang University,cvpr,2.0,0.36667,2017
Bohan Zhuang,Zhejiang University,cvpr,2.0,0.4,2018
Bohan Zhuang,Zhejiang University,cvpr,1.0,0.2,2019
Bohan Zhuang,Zhejiang University,cvpr,1.0,0.2,2020
Bohan Zhuang,Zhejiang University,cvpr,1.0,0.2,2021
Bohan Zhuang,Zhejiang University,cvpr,1.0,0.16667,2022
Bohan Zhuang,Zhejiang University,cvpr,2.0,0.47619,2023
Bohan Zhuang,Zhejiang University,cvpr,2.0,0.53333,2024
Bohan Zhuang,Zhejiang University,eccv,1.0,0.14286,2020
Bohan Zhuang,Zhejiang University,eccv,1.0,0.2,2022
Bohan Zhuang,Zhejiang University,eccv,4.0,0.69167,2024
Bohan Zhuang,Zhejiang University,iccv,1.0,0.25,2017
Bohan Zhuang,Zhejiang University,iccv,2.0,0.53333,2021
Bohan Zhuang,Zhejiang University,iccv,2.0,0.34286,2023
Bohan Zhuang,Zhejiang University,iclr,3.0,0.53333,2024
Bohan Zhuang,Zhejiang University,iclr,2.0,0.45833,2025
Bohan Zhuang,Zhejiang University,icml,1.0,0.14286,2025
Bohan Zhuang,Zhejiang University,ijcai,1.0,0.125,2019
Bohan Zhuang,Zhejiang University,ijcai,1.0,0.16667,2023
Bohan Zhuang,Zhejiang University,nips,1.0,0.125,2018
Bohan Zhuang,Zhejiang University,nips,2.0,0.53333,2022
Bohan Zhuang,Zhejiang University,nips,3.0,0.47619,2023
Bohan Zhuang,Zhejiang University,nips,4.0,0.53175,2024
Brian Scassellati,Yale University,aaai,2.0,1.1429,1998
Brian Scassellati,Yale University,aaai,1.0,0.5,2007
Brian Scassellati,Yale University,aaai,1.0,0.5,2012
Brian Scassellati,Yale University,aaai,2.0,0.66667,2019
Brian Scassellati,Yale University,aaai,1.0,0.16667,2025
Brian Scassellati,Yale University,chiconf,1.0,0.083333,2018
Brian Scassellati,Yale University,icra,2.0,0.83333,2016
Brian Scassellati,Yale University,icra,1.0,0.33333,2017
Brian Scassellati,Yale University,ijcai,1.0,0.5,1999
Brian Scassellati,Yale University,ijcai,1.0,1.0,2001
Brian Scassellati,Yale University,ijcai,1.0,0.33333,2021
Brian Scassellati,Yale University,iros,1.0,0.5,1999
Brian Scassellati,Yale University,iros,2.0,0.83333,2004
Brian Scassellati,Yale University,iros,1.0,0.5,2014
Brian Scassellati,Yale University,iros,1.0,0.5,2015
Brian Scassellati,Yale University,iros,3.0,0.65,2018
Brian Scassellati,Yale University,iros,1.0,0.25,2019
Brian Scassellati,Yale University,iros,1.0,0.33333,2020
Brian Scassellati,Yale University,iros,1.0,0.33333,2024
Brian Scassellati,Yale University,iros,1.0,0.33333,2025
Brian Scassellati,Yale University,rss,1.0,0.5,2017
Charalampos Papamanthou,Yale University,asplos,1.0,0.2,2018
Charalampos Papamanthou,Yale University,ccs,1.0,0.33333,2008
Charalampos Papamanthou,Yale University,ccs,1.0,0.25,2009
Charalampos Papamanthou,Yale University,ccs,1.0,0.33333,2012
Charalampos Papamanthou,Yale University,ccs,1.0,0.33333,2013
Charalampos Papamanthou,Yale University,ccs,1.0,0.33333,2014
Charalampos Papamanthou,Yale University,ccs,1.0,0.33333,2015
Charalampos Papamanthou,Yale University,ccs,1.0,0.25,2018
Charalampos Papamanthou,Yale University,ccs,1.0,0.16667,2019
Charalampos Papamanthou,Yale University,ccs,2.0,0.5,2022
Charalampos Papamanthou,Yale University,ccs,1.0,0.25,2023
Charalampos Papamanthou,Yale University,ccs,2.0,0.41667,2024
Charalampos Papamanthou,Yale University,crypto,1.0,0.33333,2011
Charalampos Papamanthou,Yale University,crypto,1.0,0.33333,2016
Charalampos Papamanthou,Yale University,crypto,1.0,0.33333,2018
Charalampos Papamanthou,Yale University,crypto,1.0,0.2,2019
Charalampos Papamanthou,Yale University,crypto,1.0,0.33333,2022
Charalampos Papamanthou,Yale University,crypto,1.0,0.5,2023
Charalampos Papamanthou,Yale University,eurocrypt,1.0,0.25,2013
Charalampos Papamanthou,Yale University,ndss,1.0,0.33333,2013
Charalampos Papamanthou,Yale University,ndss,1.0,0.33333,2014
Charalampos Papamanthou,Yale University,ndss,1.0,0.25,2020
Charalampos Papamanthou,Yale University,oakland,1.0,0.2,2016
Charalampos Papamanthou,Yale University,oakland,1.0,0.2,2017
Charalampos Papamanthou,Yale University,oakland,2.0,0.53333,2018
Charalampos Papamanthou,Yale University,oakland,1.0,0.33333,2019
Charalampos Papamanthou,Yale University,oakland,1.0,0.33333,2020
Charalampos Papamanthou,Yale University,oakland,1.0,0.33333,2021
Charalampos Papamanthou,Yale University,oakland,1.0,0.33333,2025
Charalampos Papamanthou,Yale University,pets,1.0,0.25,2018
Charalampos Papamanthou,Yale University,sigmod,1.0,0.5,2017
Charalampos Papamanthou,Yale University,soda,1.0,0.33333,2024
Charalampos Papamanthou,Yale University,soda,1.0,0.2,2025
Charalampos Papamanthou,Yale University,usenixsec,1.0,0.16667,2014
Charalampos Papamanthou,Yale University,usenixsec,1.0,0.33333,2016
Charalampos Papamanthou,Yale University,usenixsec,2.0,0.5,2020
Charalampos Papamanthou,Yale University,usenixsec,1.0,0.2,2022
Charalampos Papamanthou,Yale University,usenixsec,1.0,0.33333,2023
Charalampos Papamanthou,Yale University,usenixsec,1.0,0.5,2024
Charalampos Papamanthou,Yale University,vldb,1.0,0.14286,2012
Charalampos Papamanthou,Yale University,vldb,1.0,0.25,2015
Charalampos Papamanthou,Yale University,vldb,1.0,0.33333,2018
Charalampos Papamanthou,Yale University,vldb,1.0,0.2,2023
Charalampos Papamanthou,Yale University,vldb,1.0,0.25,2025
Cheng Zhuo,Zhejiang University,aaai,1.0,0.16667,2019
Cheng Zhuo,Zhejiang University,aaai,1.0,0.25,2020
Cheng Zhuo,Zhejiang University,dac,1.0,0.33333,2014
Cheng Zhuo,Zhejiang University,dac,1.0,0.25,2016
Cheng Zhuo,Zhejiang University,dac,1.0,0.33333,2018
Cheng Zhuo,Zhejiang University,dac,2.0,0.39286,2021
Cheng Zhuo,Zhejiang University,dac,3.0,0.475,2022
Cheng Zhuo,Zhejiang University,dac,2.0,0.325,2024
Cheng Zhuo,Zhejiang University,dac,8.0,1.394,2025
Cheng Zhuo,Zhejiang University,iccad,1.0,0.25,2008
Cheng Zhuo,Zhejiang University,iccad,1.0,0.33333,2009
Cheng Zhuo,Zhejiang University,iccad,1.0,0.25,2010
Cheng Zhuo,Zhejiang University,iccad,1.0,0.16667,2012
Cheng Zhuo,Zhejiang University,iccad,3.0,0.83333,2014
Cheng Zhuo,Zhejiang University,iccad,1.0,0.25,2015
Cheng Zhuo,Zhejiang University,iccad,1.0,0.14286,2017
Cheng Zhuo,Zhejiang University,iccad,1.0,0.25,2018
Cheng Zhuo,Zhejiang University,iccad,1.0,0.083333,2019
Cheng Zhuo,Zhejiang University,iccad,2.0,0.29167,2020
Cheng Zhuo,Zhejiang University,iccad,2.0,0.25758,2021
Cheng Zhuo,Zhejiang University,iccad,1.0,0.090909,2022
Cheng Zhuo,Zhejiang University,iccad,3.0,0.51667,2023
Cheng Zhuo,Zhejiang University,iccad,9.0,1.3028,2024
Cheng Zhuo,Zhejiang University,iccad,7.0,0.93611,2025
Cheng Zhuo,Zhejiang University,ijcai,1.0,0.2,2020
Cheng Zhuo,Zhejiang University,kdd,1.0,0.14286,2024
Chun Chen 0001,Zhejiang University,aaai,2.0,0.30952,2010
Chun Chen 0001,Zhejiang University,aaai,1.0,0.25,2011
Chun Chen 0001,Zhejiang University,aaai,3.0,0.59286,2012
Chun Chen 0001,Zhejiang University,aaai,1.0,0.16667,2014
Chun Chen 0001,Zhejiang University,aaai,2.0,0.34286,2020
Chun Chen 0001,Zhejiang University,aaai,1.0,0.14286,2021
Chun Chen 0001,Zhejiang University,aaai,1.0,0.14286,2023
Chun Chen 0001,Zhejiang University,aaai,1.0,0.125,2025
Chun Chen 0001,Zhejiang University,acl,1.0,0.25,2007
Chun Chen 0001,Zhejiang University,ccs,1.0,0.2,2025
Chun Chen 0001,Zhejiang University,cvpr,1.0,0.25,2004
Chun Chen 0001,Zhejiang University,cvpr,2.0,0.30952,2013
Chun Chen 0001,Zhejiang University,cvpr,2.0,0.33333,2014
Chun Chen 0001,Zhejiang University,cvpr,1.0,0.16667,2022
Chun Chen 0001,Zhejiang University,cvpr,1.0,0.25,2024
Chun Chen 0001,Zhejiang University,eccv,1.0,0.2,2010
Chun Chen 0001,Zhejiang University,eccv,1.0,0.2,2012
Chun Chen 0001,Zhejiang University,fse,1.0,0.14286,2025
Chun Chen 0001,Zhejiang University,icde,1.0,0.11111,2011
Chun Chen 0001,Zhejiang University,icde,1.0,0.16667,2019
Chun Chen 0001,Zhejiang University,ijcai,1.0,0.25,2009
Chun Chen 0001,Zhejiang University,ijcai,1.0,0.16667,2013
Chun Chen 0001,Zhejiang University,kdd,1.0,0.14286,2009
Chun Chen 0001,Zhejiang University,nips,1.0,0.1,2023
Chun Chen 0001,Zhejiang University,nips,2.0,0.325,2024
Chun Chen 0001,Zhejiang University,oakland,1.0,0.125,2025
Chun Chen 0001,Zhejiang University,rtss,1.0,0.2,2013
Chun Chen 0001,Zhejiang University,siggraph-asia,1.0,0.2,2010
Chun Chen 0001,Zhejiang University,sigir,1.0,0.2,2009
Chun Chen 0001,Zhejiang University,sigir,1.0,0.14286,2011
Chun Chen 0001,Zhejiang University,sigir,1.0,0.1,2025
Chun Chen 0001,Zhejiang University,sigmetrics,1.0,0.2,2010
Chun Chen 0001,Zhejiang University,sigmod,2.0,0.45,2011
Chun Chen 0001,Zhejiang University,usenixsec,6.0,0.75794,2025
Chun Chen 0001,Zhejiang University,vldb,1.0,0.33333,2010
Chun Chen 0001,Zhejiang University,www,1.0,0.14286,2010
Chun Chen 0001,Zhejiang University,www,1.0,0.25,2012
Chun Chen 0001,Zhejiang University,www,1.0,0.14286,2013
Chun Chen 0001,Zhejiang University,www,1.0,0.2,2017
Chun Chen 0001,Zhejiang University,www,1.0,0.25,2018
Chun Chen 0001,Zhejiang University,www,1.0,0.16667,2019
Chun Chen 0001,Zhejiang University,www,1.0,0.14286,2022
Chun Chen 0001,Zhejiang University,www,1.0,0.11111,2024
Chun Chen 0001,Zhejiang University,www,2.0,0.22222,2025
Chunhua Shen,Zhejiang University,aaai,1.0,0.25,2011
Chunhua Shen,Zhejiang University,aaai,2.0,0.4,2018
Chunhua Shen,Zhejiang University,aaai,1.0,0.25,2019
Chunhua Shen,Zhejiang University,aaai,2.0,0.33333,2020
Chunhua Shen,Zhejiang University,aaai,2.0,0.36667,2021
Chunhua Shen,Zhejiang University,aaai,2.0,0.29167,2023
Chunhua Shen,Zhejiang University,aaai,2.0,0.41667,2024
Chunhua Shen,Zhejiang University,aaai,1.0,0.1,2025
Chunhua Shen,Zhejiang University,cvpr,1.0,0.33333,2007
Chunhua Shen,Zhejiang University,cvpr,1.0,0.33333,2009
Chunhua Shen,Zhejiang University,cvpr,1.0,0.33333,2010
Chunhua Shen,Zhejiang University,cvpr,5.0,1.75,2011
Chunhua Shen,Zhejiang University,cvpr,2.0,0.53333,2012
Chunhua Shen,Zhejiang University,cvpr,5.0,1.2333,2013
Chunhua Shen,Zhejiang University,cvpr,1.0,0.2,2014
Chunhua Shen,Zhejiang University,cvpr,8.0,2.1762,2015
Chunhua Shen,Zhejiang University,cvpr,6.0,1.3167,2016
Chunhua Shen,Zhejiang University,cvpr,6.0,1.1583,2017
Chunhua Shen,Zhejiang University,cvpr,10.0,1.7802,2018
Chunhua Shen,Zhejiang University,cvpr,10.0,2.0262,2019
Chunhua Shen,Zhejiang University,cvpr,12.0,2.1218,2020
Chunhua Shen,Zhejiang University,cvpr,14.0,3.0024,2021
Chunhua Shen,Zhejiang University,cvpr,6.0,1.1623,2022
Chunhua Shen,Zhejiang University,cvpr,2.0,0.34286,2023
Chunhua Shen,Zhejiang University,cvpr,3.0,0.45238,2024
Chunhua Shen,Zhejiang University,cvpr,2.0,0.23611,2025
Chunhua Shen,Zhejiang University,eccv,1.0,0.33333,2008
Chunhua Shen,Zhejiang University,eccv,1.0,0.33333,2010
Chunhua Shen,Zhejiang University,eccv,1.0,0.2,2012
Chunhua Shen,Zhejiang University,eccv,2.0,0.66667,2014
Chunhua Shen,Zhejiang University,eccv,2.0,0.41667,2016
Chunhua Shen,Zhejiang University,eccv,2.0,0.36667,2018
Chunhua Shen,Zhejiang University,eccv,11.0,2.354,2020
Chunhua Shen,Zhejiang University,eccv,4.0,0.66071,2022
Chunhua Shen,Zhejiang University,eccv,2.0,0.41667,2024
Chunhua Shen,Zhejiang University,eurographics,1.0,0.33333,2021
Chunhua Shen,Zhejiang University,eurographics,1.0,0.16667,2022
Chunhua Shen,Zhejiang University,iccv,1.0,0.33333,2005
Chunhua Shen,Zhejiang University,iccv,1.0,0.2,2011
Chunhua Shen,Zhejiang University,iccv,4.0,1.0333,2013
Chunhua Shen,Zhejiang University,iccv,1.0,0.16667,2015
Chunhua Shen,Zhejiang University,iccv,5.0,1.1262,2017
Chunhua Shen,Zhejiang University,iccv,7.0,1.4583,2019
Chunhua Shen,Zhejiang University,iccv,6.0,1.2095,2021
Chunhua Shen,Zhejiang University,iccv,9.0,1.3194,2023
Chunhua Shen,Zhejiang University,iclr,1.0,0.2,2023
Chunhua Shen,Zhejiang University,iclr,3.0,0.47619,2024
Chunhua Shen,Zhejiang University,iclr,7.0,0.875,2025
Chunhua Shen,Zhejiang University,icml,1.0,0.25,2012
Chunhua Shen,Zhejiang University,icml,1.0,0.2,2013
Chunhua Shen,Zhejiang University,icml,1.0,0.16667,2018
Chunhua Shen,Zhejiang University,icml,3.0,0.48571,2024
Chunhua Shen,Zhejiang University,icml,1.0,0.33333,2025
Chunhua Shen,Zhejiang University,icra,1.0,0.125,2017
Chunhua Shen,Zhejiang University,icra,1.0,0.16667,2019
Chunhua Shen,Zhejiang University,icra,1.0,0.33333,2021
Chunhua Shen,Zhejiang University,ijcai,3.0,0.59286,2017
Chunhua Shen,Zhejiang University,ijcai,1.0,0.25,2018
Chunhua Shen,Zhejiang University,ijcai,1.0,0.16667,2019
Chunhua Shen,Zhejiang University,ijcai,1.0,0.25,2020
Chunhua Shen,Zhejiang University,ijcai,1.0,0.16667,2023
Chunhua Shen,Zhejiang University,ijcai,1.0,0.14286,2025
Chunhua Shen,Zhejiang University,kdd,1.0,0.33333,2019
Chunhua Shen,Zhejiang University,kdd,1.0,0.25,2021
Chunhua Shen,Zhejiang University,kdd,1.0,0.25,2023
Chunhua Shen,Zhejiang University,nips,1.0,0.33333,2008
Chunhua Shen,Zhejiang University,nips,1.0,0.25,2009
Chunhua Shen,Zhejiang University,nips,1.0,0.2,2014
Chunhua Shen,Zhejiang University,nips,1.0,0.25,2015
Chunhua Shen,Zhejiang University,nips,1.0,0.33333,2016
Chunhua Shen,Zhejiang University,nips,2.0,0.30952,2019
Chunhua Shen,Zhejiang University,nips,1.0,0.2,2020
Chunhua Shen,Zhejiang University,nips,2.0,0.375,2021
Chunhua Shen,Zhejiang University,nips,8.0,1.3131,2022
Chunhua Shen,Zhejiang University,nips,1.0,0.11111,2023
Chunhua Shen,Zhejiang University,nips,2.0,0.26786,2024
Chunhua Shen,Zhejiang University,siggraph,1.0,0.11111,2025
Chunming Wu 0001,Zhejiang University,aaai,1.0,0.11111,2023
Chunming Wu 0001,Zhejiang University,aaai,1.0,0.2,2025
Chunming Wu 0001,Zhejiang University,ccs,1.0,0.11111,2021
Chunming Wu 0001,Zhejiang University,eurosys,1.0,0.076923,2025
Chunming Wu 0001,Zhejiang University,fse,1.0,0.25,2025
Chunming Wu 0001,Zhejiang University,icse,1.0,0.1,2025
Chunming Wu 0001,Zhejiang University,oakland,1.0,0.14286,2019
Chunming Wu 0001,Zhejiang University,sigcomm,1.0,0.1,2024
Chunming Wu 0001,Zhejiang University,usenixsec,1.0,0.083333,2021
Congfu Xu,Zhejiang University,aaai,1.0,0.25,2006
Congfu Xu,Zhejiang University,aaai,1.0,0.2,2011
Congfu Xu,Zhejiang University,aaai,1.0,0.25,2014
Congfu Xu,Zhejiang University,aaai,1.0,0.25,2016
Congfu Xu,Zhejiang University,ijcai,1.0,0.33333,2015
Congfu Xu,Zhejiang University,ijcai,1.0,0.25,2016
Congfu Xu,Zhejiang University,ijcai,2.0,0.45,2017
Daniel A. Spielman,Yale University,focs,1.0,0.5,1994
Daniel A. Spielman,Yale University,focs,2.0,1.5,1996
Daniel A. Spielman,Yale University,focs,1.0,0.5,2003
Daniel A. Spielman,Yale University,focs,1.0,0.5,2005
Daniel A. Spielman,Yale University,focs,1.0,1.0,2007
Daniel A. Spielman,Yale University,focs,1.0,0.33333,2013
Daniel A. Spielman,Yale University,focs,1.0,0.33333,2015
Daniel A. Spielman,Yale University,icml,1.0,0.33333,2009
Daniel A. Spielman,Yale University,stoc,1.0,0.33333,1991
Daniel A. Spielman,Yale University,stoc,1.0,0.5,1994
Daniel A. Spielman,Yale University,stoc,1.0,1.0,1995
Daniel A. Spielman,Yale University,stoc,1.0,1.0,1996
Daniel A. Spielman,Yale University,stoc,1.0,0.2,1997
Daniel A. Spielman,Yale University,stoc,1.0,0.25,1998
Daniel A. Spielman,Yale University,stoc,2.0,1.0,2001
Daniel A. Spielman,Yale University,stoc,1.0,0.16667,2003
Daniel A. Spielman,Yale University,stoc,1.0,0.5,2004
Daniel A. Spielman,Yale University,stoc,1.0,0.25,2005
Daniel A. Spielman,Yale University,stoc,1.0,0.5,2006
Daniel A. Spielman,Yale University,stoc,2.0,1.0,2008
Daniel A. Spielman,Yale University,stoc,1.0,0.33333,2009
Daniel A. Spielman,Yale University,stoc,1.0,0.2,2011
Daniel A. Spielman,Yale University,stoc,1.0,0.5,2014
Daniel A. Spielman,Yale University,stoc,1.0,0.2,2016
Daniel A. Spielman,Yale University,stoc,1.0,0.25,2025
Daniel Rakita,Yale University,icra,2.0,0.58333,2019
Daniel Rakita,Yale University,icra,2.0,0.58333,2021
Daniel Rakita,Yale University,icra,2.0,0.58333,2023
Daniel Rakita,Yale University,iros,1.0,0.16667,2017
Daniel Rakita,Yale University,iros,1.0,0.33333,2024
Daniel Rakita,Yale University,iros,2.0,0.58333,2025
Daniel Rakita,Yale University,rss,1.0,0.33333,2018
Daniel Rakita,Yale University,rss,1.0,0.33333,2019
Daniel Rakita,Yale University,rss,1.0,0.33333,2022
Daniel Rakita,Yale University,siggraph-asia,1.0,0.25,2016
David Gelernter,Yale University,ics,1.0,0.5,1992
David Gelernter,Yale University,ijcai,1.0,0.5,1991
David Gelernter,Yale University,isca,1.0,0.25,1988
David Gelernter,Yale University,pldi,1.0,0.33333,1987
David Gelernter,Yale University,popl,1.0,0.33333,1986
David Gelernter,Yale University,popl,1.0,0.33333,1987
David Gelernter,Yale University,sigcomm,1.0,0.25,1983
David Gelernter,Yale University,sigcomm,1.0,0.2,2014
Dawei Jiang,Zhejiang University,icde,1.0,0.25,2009
Dawei Jiang,Zhejiang University,icde,1.0,0.11111,2011
Dawei Jiang,Zhejiang University,icde,1.0,0.14286,2012
Dawei Jiang,Zhejiang University,sigmod,1.0,0.16667,2025
Dawei Jiang,Zhejiang University,vldb,2.0,0.5,2010
Dawei Jiang,Zhejiang University,vldb,1.0,0.2,2014
Dawei Jiang,Zhejiang University,vldb,1.0,0.14286,2016
Deng Cai 0001,Zhejiang University,aaai,1.0,0.33333,2007
Deng Cai 0001,Zhejiang University,aaai,1.0,0.33333,2008
Deng Cai 0001,Zhejiang University,aaai,1.0,0.33333,2010
Deng Cai 0001,Zhejiang University,aaai,1.0,0.5,2011
Deng Cai 0001,Zhejiang University,aaai,3.0,0.64286,2012
Deng Cai 0001,Zhejiang University,aaai,3.0,0.58333,2014
Deng Cai 0001,Zhejiang University,aaai,1.0,0.2,2016
Deng Cai 0001,Zhejiang University,aaai,1.0,0.16667,2017
Deng Cai 0001,Zhejiang University,aaai,1.0,0.25,2018
Deng Cai 0001,Zhejiang University,aaai,4.0,0.70238,2020
Deng Cai 0001,Zhejiang University,aaai,1.0,0.14286,2021
Deng Cai 0001,Zhejiang University,aaai,2.0,0.4,2022
Deng Cai 0001,Zhejiang University,aaai,1.0,0.1,2023
Deng Cai 0001,Zhejiang University,aaai,4.0,0.44722,2024
Deng Cai 0001,Zhejiang University,aaai,1.0,0.125,2025
Deng Cai 0001,Zhejiang University,acl,1.0,0.16667,2018
Deng Cai 0001,Zhejiang University,acl,1.0,0.2,2019
Deng Cai 0001,Zhejiang University,acl,1.0,0.11111,2025
Deng Cai 0001,Zhejiang University,cvpr,1.0,0.2,2007
Deng Cai 0001,Zhejiang University,cvpr,1.0,0.33333,2011
Deng Cai 0001,Zhejiang University,cvpr,1.0,0.25,2012
Deng Cai 0001,Zhejiang University,cvpr,1.0,0.2,2013
Deng Cai 0001,Zhejiang University,cvpr,4.0,0.68452,2022
Deng Cai 0001,Zhejiang University,cvpr,3.0,0.30202,2024
Deng Cai 0001,Zhejiang University,eccv,1.0,0.2,2012
Deng Cai 0001,Zhejiang University,eccv,4.0,0.63452,2022
Deng Cai 0001,Zhejiang University,iccv,1.0,0.25,2005
Deng Cai 0001,Zhejiang University,iccv,2.0,0.66667,2007
Deng Cai 0001,Zhejiang University,iccv,1.0,0.5,2009
Deng Cai 0001,Zhejiang University,iccv,1.0,0.14286,2013
Deng Cai 0001,Zhejiang University,iccv,2.0,0.58333,2019
Deng Cai 0001,Zhejiang University,iccv,1.0,0.125,2021
Deng Cai 0001,Zhejiang University,iccv,2.0,0.23611,2023
Deng Cai 0001,Zhejiang University,icde,1.0,0.33333,2008
Deng Cai 0001,Zhejiang University,icde,1.0,0.16667,2017
Deng Cai 0001,Zhejiang University,iclr,2.0,0.30952,2022
Deng Cai 0001,Zhejiang University,iclr,1.0,0.2,2025
Deng Cai 0001,Zhejiang University,icml,1.0,0.33333,2005
Deng Cai 0001,Zhejiang University,icml,1.0,0.33333,2009
Deng Cai 0001,Zhejiang University,icml,1.0,0.14286,2017
Deng Cai 0001,Zhejiang University,icml,1.0,0.125,2020
Deng Cai 0001,Zhejiang University,icml,1.0,0.11111,2021
Deng Cai 0001,Zhejiang University,icml,1.0,0.083333,2024
Deng Cai 0001,Zhejiang University,ijcai,1.0,0.2,2007
Deng Cai 0001,Zhejiang University,ijcai,1.0,0.2,2009
Deng Cai 0001,Zhejiang University,ijcai,4.0,0.78333,2013
Deng Cai 0001,Zhejiang University,ijcai,1.0,1.0,2015
Deng Cai 0001,Zhejiang University,ijcai,3.0,0.56667,2016
Deng Cai 0001,Zhejiang University,ijcai,6.0,1.4595,2017
Deng Cai 0001,Zhejiang University,ijcai,5.0,0.75952,2018
Deng Cai 0001,Zhejiang University,ijcai,3.0,0.525,2019
Deng Cai 0001,Zhejiang University,ijcai,1.0,0.125,2020
Deng Cai 0001,Zhejiang University,ijcai,1.0,0.14286,2024
Deng Cai 0001,Zhejiang University,iros,1.0,0.125,2025
Deng Cai 0001,Zhejiang University,kdd,1.0,0.33333,2010
Deng Cai 0001,Zhejiang University,kdd,1.0,0.2,2012
Deng Cai 0001,Zhejiang University,kdd,1.0,0.14286,2016
Deng Cai 0001,Zhejiang University,kdd,2.0,0.35,2019
Deng Cai 0001,Zhejiang University,kdd,2.0,0.35,2021
Deng Cai 0001,Zhejiang University,mobicom,1.0,0.125,2023
Deng Cai 0001,Zhejiang University,nips,2.0,0.66667,2005
Deng Cai 0001,Zhejiang University,nips,1.0,0.14286,2018
Deng Cai 0001,Zhejiang University,nips,1.0,0.25,2019
Deng Cai 0001,Zhejiang University,nips,1.0,0.2,2021
Deng Cai 0001,Zhejiang University,nips,1.0,0.11111,2024
Deng Cai 0001,Zhejiang University,sigir,3.0,0.75,2004
Deng Cai 0001,Zhejiang University,sigir,1.0,0.5,2005
Deng Cai 0001,Zhejiang University,sigir,1.0,0.25,2007
Deng Cai 0001,Zhejiang University,sigir,1.0,0.25,2010
Deng Cai 0001,Zhejiang University,sigir,1.0,0.14286,2011
Deng Cai 0001,Zhejiang University,sigir,1.0,0.2,2018
Deng Cai 0001,Zhejiang University,sigir,1.0,0.16667,2020
Deng Cai 0001,Zhejiang University,vldb,1.0,0.25,2019
Deng Cai 0001,Zhejiang University,www,1.0,0.25,2003
Deng Cai 0001,Zhejiang University,www,1.0,0.25,2008
Deng Cai 0001,Zhejiang University,www,1.0,0.14286,2010
Deng Cai 0001,Zhejiang University,www,1.0,0.25,2012
Deng Cai 0001,Zhejiang University,www,1.0,0.14286,2013
Deng Cai 0001,Zhejiang University,www,1.0,0.16667,2016
Deng Cai 0001,Zhejiang University,www,1.0,0.16667,2017
Deren Chen,Zhejiang University,aaai,1.0,0.2,2016
Deshi Ye,Zhejiang University,icde,1.0,0.16667,2019
Deshi Ye,Zhejiang University,wine,1.0,0.2,2005
Donghui Wang,Zhejiang University,aaai,1.0,0.25,2016
Donghui Wang,Zhejiang University,aaai,1.0,0.25,2021
Donghui Wang,Zhejiang University,cvpr,1.0,0.2,2017
Donghui Wang,Zhejiang University,eccv,1.0,0.5,2012
Donghui Wang,Zhejiang University,icde,1.0,0.25,2021
Donghui Wang,Zhejiang University,icde,1.0,0.14286,2024
Donghui Wang,Zhejiang University,ijcai,1.0,0.25,2018
Donghui Wang,Zhejiang University,ijcai,1.0,0.14286,2020
Dongming Lu,Zhejiang University,aaai,1.0,0.14286,2022
Dongming Lu,Zhejiang University,aaai,2.0,0.26786,2023
Dongming Lu,Zhejiang University,aaai,1.0,0.16667,2025
Dongming Lu,Zhejiang University,cvpr,2.0,0.25,2020
Dongming Lu,Zhejiang University,cvpr,1.0,0.125,2021
Dongming Lu,Zhejiang University,cvpr,1.0,0.2,2025
Dongming Lu,Zhejiang University,eccv,1.0,0.25,2014
Dongming Lu,Zhejiang University,eurographics,1.0,0.33333,2000
Dongming Lu,Zhejiang University,eurographics,2.0,0.45,2015
Dongming Lu,Zhejiang University,iccv,1.0,0.125,2021
Dongming Lu,Zhejiang University,iccv,1.0,0.11111,2023
Dongming Lu,Zhejiang University,ijcai,2.0,0.26786,2022
Dongming Lu,Zhejiang University,ijcai,1.0,0.125,2023
Dongming Lu,Zhejiang University,ijcai,1.0,0.2,2025
Dongming Lu,Zhejiang University,nips,1.0,0.125,2021
Drew McDermott,Yale University,aaai,1.0,0.5,1986
Drew McDermott,Yale University,aaai,1.0,0.11111,2008
Drew McDermott,Yale University,icra,1.0,0.5,1992
Drew McDermott,Yale University,icra,1.0,0.33333,1998
Drew McDermott,Yale University,ijcai,1.0,1.0,1977
Drew McDermott,Yale University,ijcai,1.0,0.5,1979
Drew McDermott,Yale University,ijcai,1.0,1.0,1983
Duanqing Xu,Zhejiang University,aaai,1.0,0.33333,2018
Duanqing Xu,Zhejiang University,cvpr,1.0,0.25,2019
Duanqing Xu,Zhejiang University,eccv,1.0,0.25,2014
Duanqing Xu,Zhejiang University,eurographics,1.0,0.2,2015
Duanqing Xu,Zhejiang University,kdd,1.0,0.14286,2024
Duanqing Xu,Zhejiang University,nips,1.0,0.25,2019
Fan Zhang 0010,Zhejiang University,aaai,1.0,0.125,2023
Fan Zhang 0010,Zhejiang University,ase,1.0,0.2,2019
Fan Zhang 0010,Zhejiang University,dac,2.0,0.39286,2020
Fan Zhang 0010,Zhejiang University,dac,2.0,0.30952,2022
Fan Zhang 0010,Zhejiang University,dac,1.0,0.16667,2023
Fan Zhang 0010,Zhejiang University,icse,1.0,0.125,2023
Fan Zhang 0010,Zhejiang University,ijcai,1.0,0.125,2025
Fan Zhang 0010,Zhejiang University,issta,1.0,0.2,2020
Fan Zhang 0010,Zhejiang University,ndss,1.0,0.1,2022
Fan Zhang 0010,Zhejiang University,ndss,1.0,0.125,2023
Fan Zhang 0010,Zhejiang University,ubicomp,1.0,0.16667,2022
Fan Zhang 0010,Zhejiang University,ubicomp,1.0,0.083333,2025
Fan Zhang 0010,Zhejiang University,usenixsec,1.0,0.1,2025
Fan Zhang 0010,Zhejiang University,www,1.0,0.125,2021
Fan Zhang 0010,Zhejiang University,www,1.0,0.2,2024
Fan Zhang 0022,Yale University,ccs,1.0,0.2,2016
Fan Zhang 0022,Yale University,ccs,1.0,0.16667,2017
Fan Zhang 0022,Yale University,ccs,2.0,0.30952,2019
Fan Zhang 0022,Yale University,ccs,1.0,0.2,2020
Fan Zhang 0022,Yale University,ccs,2.0,0.29167,2022
Fan Zhang 0022,Yale University,ccs,1.0,0.25,2023
Fan Zhang 0022,Yale University,ccs,1.0,0.14286,2024
Fan Zhang 0022,Yale University,crypto,1.0,0.25,2020
Fan Zhang 0022,Yale University,ndss,1.0,0.25,2023
Fan Zhang 0022,Yale University,oakland,1.0,0.1,2021
Fan Zhang 0022,Yale University,oakland,1.0,0.33333,2025
Fan Zhang 0022,Yale University,pets,1.0,0.16667,2025
Fan Zhang 0022,Yale University,usenixsec,1.0,0.2,2016
Fan Zhang 0022,Yale University,usenixsec,1.0,0.2,2017
Fan Zhang 0022,Yale University,usenixsec,1.0,0.25,2024
Fangtian Ying,Zhejiang University,chiconf,1.0,0.14286,2017
Fangtian Ying,Zhejiang University,chiconf,1.0,0.2,2020
Fangtian Ying,Zhejiang University,chiconf,2.0,0.24286,2022
Fangtian Ying,Zhejiang University,chiconf,2.0,0.16783,2023
Fangtian Ying,Zhejiang University,chiconf,1.0,0.25,2025
Fangtian Ying,Zhejiang University,uist,1.0,0.090909,2024
Fei Wu 0001,Zhejiang University,aaai,1.0,0.2,2010
Fei Wu 0001,Zhejiang University,aaai,2.0,0.36667,2013
Fei Wu 0001,Zhejiang University,aaai,2.0,0.36667,2015
Fei Wu 0001,Zhejiang University,aaai,1.0,0.16667,2016
Fei Wu 0001,Zhejiang University,aaai,3.0,0.6,2018
Fei Wu 0001,Zhejiang University,aaai,3.0,0.51786,2019
Fei Wu 0001,Zhejiang University,aaai,1.0,0.14286,2020
Fei Wu 0001,Zhejiang University,aaai,4.0,0.73571,2021
Fei Wu 0001,Zhejiang University,aaai,3.0,0.36111,2023
Fei Wu 0001,Zhejiang University,aaai,4.0,0.46988,2024
Fei Wu 0001,Zhejiang University,aaai,4.0,0.66944,2025
Fei Wu 0001,Zhejiang University,acl,3.0,0.53333,2020
Fei Wu 0001,Zhejiang University,acl,2.0,0.29167,2021
Fei Wu 0001,Zhejiang University,acl,2.0,0.22619,2022
Fei Wu 0001,Zhejiang University,acl,1.0,0.1,2023
Fei Wu 0001,Zhejiang University,acl,1.0,0.090909,2024
Fei Wu 0001,Zhejiang University,acl,5.0,0.47539,2025
Fei Wu 0001,Zhejiang University,ase,1.0,0.16667,2024
Fei Wu 0001,Zhejiang University,cvpr,1.0,0.25,2008
Fei Wu 0001,Zhejiang University,cvpr,1.0,0.2,2010
Fei Wu 0001,Zhejiang University,cvpr,1.0,0.2,2012
Fei Wu 0001,Zhejiang University,cvpr,1.0,0.2,2016
Fei Wu 0001,Zhejiang University,cvpr,1.0,0.14286,2020
Fei Wu 0001,Zhejiang University,cvpr,3.0,0.35397,2022
Fei Wu 0001,Zhejiang University,cvpr,2.0,0.26786,2023
Fei Wu 0001,Zhejiang University,cvpr,1.0,0.083333,2024
Fei Wu 0001,Zhejiang University,cvpr,1.0,0.11111,2025
Fei Wu 0001,Zhejiang University,eccv,1.0,0.11111,2024
Fei Wu 0001,Zhejiang University,emnlp,1.0,0.2,2017
Fei Wu 0001,Zhejiang University,emnlp,1.0,0.11111,2019
Fei Wu 0001,Zhejiang University,emnlp,1.0,0.11111,2020
Fei Wu 0001,Zhejiang University,emnlp,3.0,0.39286,2021
Fei Wu 0001,Zhejiang University,emnlp,2.0,0.375,2022
Fei Wu 0001,Zhejiang University,emnlp,2.0,0.20202,2023
Fei Wu 0001,Zhejiang University,emnlp,3.0,0.34488,2024
Fei Wu 0001,Zhejiang University,eurosys,1.0,0.14286,2024
Fei Wu 0001,Zhejiang University,iccv,3.0,0.48611,2021
Fei Wu 0001,Zhejiang University,icde,1.0,0.090909,2023
Fei Wu 0001,Zhejiang University,icde,3.0,0.33611,2025
Fei Wu 0001,Zhejiang University,iclr,1.0,0.14286,2022
Fei Wu 0001,Zhejiang University,iclr,3.0,0.55952,2024
Fei Wu 0001,Zhejiang University,iclr,7.0,1.0195,2025
Fei Wu 0001,Zhejiang University,icml,1.0,0.2,2020
Fei Wu 0001,Zhejiang University,icml,1.0,0.125,2021
Fei Wu 0001,Zhejiang University,icml,3.0,0.5,2022
Fei Wu 0001,Zhejiang University,icml,1.0,0.2,2023
Fei Wu 0001,Zhejiang University,icml,4.0,0.5164,2024
Fei Wu 0001,Zhejiang University,icml,3.0,0.36111,2025
Fei Wu 0001,Zhejiang University,ijcai,1.0,0.16667,2015
Fei Wu 0001,Zhejiang University,ijcai,2.0,0.28571,2016
Fei Wu 0001,Zhejiang University,ijcai,2.0,0.36667,2017
Fei Wu 0001,Zhejiang University,ijcai,3.0,0.75,2018
Fei Wu 0001,Zhejiang University,ijcai,2.0,0.39286,2020
Fei Wu 0001,Zhejiang University,ijcai,2.0,0.5,2022
Fei Wu 0001,Zhejiang University,ijcai,2.0,0.28571,2025
Fei Wu 0001,Zhejiang University,kdd,1.0,0.125,2018
Fei Wu 0001,Zhejiang University,kdd,1.0,0.11111,2020
Fei Wu 0001,Zhejiang University,kdd,2.0,0.34286,2021
Fei Wu 0001,Zhejiang University,kdd,3.0,0.34722,2022
Fei Wu 0001,Zhejiang University,kdd,2.0,0.39286,2023
Fei Wu 0001,Zhejiang University,naacl,1.0,0.11111,2022
Fei Wu 0001,Zhejiang University,naacl,2.0,0.25397,2025
Fei Wu 0001,Zhejiang University,nips,1.0,0.16667,2020
Fei Wu 0001,Zhejiang University,nips,2.0,0.33333,2022
Fei Wu 0001,Zhejiang University,nips,3.0,0.35238,2023
Fei Wu 0001,Zhejiang University,nips,3.0,0.41591,2024
Fei Wu 0001,Zhejiang University,osdi,1.0,0.05,2022
Fei Wu 0001,Zhejiang University,sc,1.0,0.14286,2025
Fei Wu 0001,Zhejiang University,sigir,1.0,0.16667,2013
Fei Wu 0001,Zhejiang University,sigir,1.0,0.16667,2014
Fei Wu 0001,Zhejiang University,sigir,1.0,0.2,2018
Fei Wu 0001,Zhejiang University,sigir,1.0,0.2,2021
Fei Wu 0001,Zhejiang University,sigir,2.0,0.24286,2023
Fei Wu 0001,Zhejiang University,usenixatc,1.0,0.2,2022
Fei Wu 0001,Zhejiang University,usenixatc,1.0,0.090909,2023
Fei Wu 0001,Zhejiang University,www,2.0,0.41667,2018
Fei Wu 0001,Zhejiang University,www,1.0,0.16667,2019
Fei Wu 0001,Zhejiang University,www,1.0,0.14286,2021
Fei Wu 0001,Zhejiang University,www,1.0,0.125,2022
Fei Wu 0001,Zhejiang University,www,2.0,0.25758,2023
Feng Lin 0004,Zhejiang University,aaai,1.0,0.14286,2024
Feng Lin 0004,Zhejiang University,ccs,1.0,0.16667,2016
Feng Lin 0004,Zhejiang University,ccs,1.0,0.125,2023
Feng Lin 0004,Zhejiang University,ccs,1.0,0.14286,2024
Feng Lin 0004,Zhejiang University,cvpr,1.0,0.16667,2025
Feng Lin 0004,Zhejiang University,mobicom,1.0,0.16667,2017
Feng Lin 0004,Zhejiang University,mobicom,1.0,0.14286,2020
Feng Lin 0004,Zhejiang University,mobicom,1.0,0.11111,2022
Feng Lin 0004,Zhejiang University,mobicom,1.0,0.11111,2023
Feng Lin 0004,Zhejiang University,mobisys,1.0,0.2,2018
Feng Lin 0004,Zhejiang University,mobisys,1.0,0.125,2020
Feng Lin 0004,Zhejiang University,ndss,1.0,0.16667,2020
Feng Lin 0004,Zhejiang University,ndss,2.0,0.21111,2022
Feng Lin 0004,Zhejiang University,ndss,2.0,0.225,2023
Feng Lin 0004,Zhejiang University,oakland,1.0,0.125,2023
Feng Lin 0004,Zhejiang University,oakland,1.0,0.125,2024
Feng Lin 0004,Zhejiang University,sensys,1.0,0.090909,2020
Feng Lin 0004,Zhejiang University,sensys,1.0,0.125,2021
Feng Lin 0004,Zhejiang University,sensys,2.0,0.25397,2022
Feng Lin 0004,Zhejiang University,sensys,2.0,0.26786,2023
Feng Lin 0004,Zhejiang University,sensys,1.0,0.14286,2024
Feng Lin 0004,Zhejiang University,sensys,1.0,0.2,2025
Feng Lin 0004,Zhejiang University,ubicomp,1.0,0.1,2019
Feng Lin 0004,Zhejiang University,ubicomp,3.0,0.39167,2022
Feng Lin 0004,Zhejiang University,ubicomp,2.0,0.27778,2023
Feng Lin 0004,Zhejiang University,uist,1.0,0.11111,2023
Feng Lin 0004,Zhejiang University,usenixsec,4.0,0.66667,2024
Feng Lin 0004,Zhejiang University,www,1.0,0.14286,2023
Gang Chen 0001,Zhejiang University,aaai,2.0,0.36667,2019
Gang Chen 0001,Zhejiang University,aaai,1.0,0.16667,2020
Gang Chen 0001,Zhejiang University,aaai,1.0,0.2,2021
Gang Chen 0001,Zhejiang University,aaai,3.0,0.65,2023
Gang Chen 0001,Zhejiang University,aaai,4.0,0.84286,2024
Gang Chen 0001,Zhejiang University,aaai,2.0,0.36667,2025
Gang Chen 0001,Zhejiang University,acl,1.0,0.25,2020
Gang Chen 0001,Zhejiang University,acl,1.0,0.2,2022
Gang Chen 0001,Zhejiang University,acl,2.0,0.28571,2024
Gang Chen 0001,Zhejiang University,asplos,1.0,0.14286,2022
Gang Chen 0001,Zhejiang University,cvpr,2.0,0.28571,2024
Gang Chen 0001,Zhejiang University,emnlp,2.0,0.30952,2023
Gang Chen 0001,Zhejiang University,emnlp,1.0,0.14286,2024
Gang Chen 0001,Zhejiang University,fast,1.0,0.11111,2025
Gang Chen 0001,Zhejiang University,hpca,1.0,0.125,2023
Gang Chen 0001,Zhejiang University,iccv,1.0,0.2,2023
Gang Chen 0001,Zhejiang University,icde,1.0,0.25,2009
Gang Chen 0001,Zhejiang University,icde,1.0,0.25,2011
Gang Chen 0001,Zhejiang University,icde,1.0,0.14286,2012
Gang Chen 0001,Zhejiang University,icde,1.0,0.25,2014
Gang Chen 0001,Zhejiang University,icde,3.0,0.53333,2015
Gang Chen 0001,Zhejiang University,icde,2.0,0.36667,2016
Gang Chen 0001,Zhejiang University,icde,1.0,0.16667,2017
Gang Chen 0001,Zhejiang University,icde,3.0,0.59286,2018
Gang Chen 0001,Zhejiang University,icde,1.0,0.16667,2019
Gang Chen 0001,Zhejiang University,icde,3.0,0.53333,2020
Gang Chen 0001,Zhejiang University,icde,3.0,0.43333,2021
Gang Chen 0001,Zhejiang University,icde,1.0,0.16667,2022
Gang Chen 0001,Zhejiang University,icde,1.0,0.11111,2023
Gang Chen 0001,Zhejiang University,icde,3.0,0.50952,2024
Gang Chen 0001,Zhejiang University,icde,2.0,0.4,2025
Gang Chen 0001,Zhejiang University,iclr,1.0,0.14286,2022
Gang Chen 0001,Zhejiang University,iclr,1.0,0.14286,2023
Gang Chen 0001,Zhejiang University,iclr,1.0,0.090909,2024
Gang Chen 0001,Zhejiang University,iclr,1.0,0.125,2025
Gang Chen 0001,Zhejiang University,icml,1.0,0.16667,2021
Gang Chen 0001,Zhejiang University,icml,2.0,0.36667,2023
Gang Chen 0001,Zhejiang University,icml,1.0,0.14286,2024
Gang Chen 0001,Zhejiang University,icml,1.0,0.16667,2025
Gang Chen 0001,Zhejiang University,ijcai,1.0,0.16667,2019
Gang Chen 0001,Zhejiang University,ijcai,2.0,0.30952,2020
Gang Chen 0001,Zhejiang University,ijcai,2.0,0.26786,2023
Gang Chen 0001,Zhejiang University,ijcai,4.0,0.50794,2025
Gang Chen 0001,Zhejiang University,kdd,1.0,0.25,2021
Gang Chen 0001,Zhejiang University,kdd,2.0,0.30952,2024
Gang Chen 0001,Zhejiang University,nips,1.0,0.14286,2022
Gang Chen 0001,Zhejiang University,nips,2.0,0.30952,2023
Gang Chen 0001,Zhejiang University,nips,2.0,0.24286,2024
Gang Chen 0001,Zhejiang University,sc,1.0,0.16667,2023
Gang Chen 0001,Zhejiang University,sc,1.0,0.1,2024
Gang Chen 0001,Zhejiang University,sigir,1.0,0.2,2011
Gang Chen 0001,Zhejiang University,sigir,1.0,0.25,2012
Gang Chen 0001,Zhejiang University,sigir,2.0,0.41667,2013
Gang Chen 0001,Zhejiang University,sigir,1.0,0.2,2014
Gang Chen 0001,Zhejiang University,sigir,1.0,0.2,2025
Gang Chen 0001,Zhejiang University,sigmod,1.0,0.2,2013
Gang Chen 0001,Zhejiang University,sigmod,1.0,0.16667,2015
Gang Chen 0001,Zhejiang University,sigmod,2.0,0.36667,2016
Gang Chen 0001,Zhejiang University,sigmod,1.0,0.16667,2017
Gang Chen 0001,Zhejiang University,sigmod,1.0,0.16667,2018
Gang Chen 0001,Zhejiang University,sigmod,2.0,0.30952,2020
Gang Chen 0001,Zhejiang University,sigmod,4.0,0.64286,2021
Gang Chen 0001,Zhejiang University,sigmod,1.0,0.16667,2022
Gang Chen 0001,Zhejiang University,sigmod,1.0,0.2,2023
Gang Chen 0001,Zhejiang University,sigmod,3.0,0.5,2024
Gang Chen 0001,Zhejiang University,sigmod,4.0,0.58333,2025
Gang Chen 0001,Zhejiang University,vldb,1.0,0.2,2011
Gang Chen 0001,Zhejiang University,vldb,1.0,0.2,2012
Gang Chen 0001,Zhejiang University,vldb,4.0,0.73333,2014
Gang Chen 0001,Zhejiang University,vldb,1.0,0.2,2015
Gang Chen 0001,Zhejiang University,vldb,1.0,0.14286,2016
Gang Chen 0001,Zhejiang University,vldb,4.0,0.5,2018
Gang Chen 0001,Zhejiang University,vldb,4.0,0.74167,2019
Gang Chen 0001,Zhejiang University,vldb,1.0,0.2,2020
Gang Chen 0001,Zhejiang University,vldb,6.0,0.94405,2023
Gang Chen 0001,Zhejiang University,vldb,4.0,0.61905,2024
Gang Chen 0001,Zhejiang University,vldb,4.0,0.57738,2025
Gang Chen 0001,Zhejiang University,www,1.0,0.14286,2022
Gang Chen 0001,Zhejiang University,www,1.0,0.125,2023
Gang Chen 0001,Zhejiang University,www,1.0,0.14286,2024
Gang Pan 0001,Zhejiang University,aaai,1.0,0.2,2020
Gang Pan 0001,Zhejiang University,aaai,2.0,0.5,2021
Gang Pan 0001,Zhejiang University,aaai,1.0,0.14286,2022
Gang Pan 0001,Zhejiang University,aaai,5.0,1.0095,2023
Gang Pan 0001,Zhejiang University,aaai,3.0,0.66667,2024
Gang Pan 0001,Zhejiang University,aaai,4.0,0.57738,2025
Gang Pan 0001,Zhejiang University,asplos,1.0,0.16667,2023
Gang Pan 0001,Zhejiang University,cvpr,1.0,0.33333,2007
Gang Pan 0001,Zhejiang University,cvpr,1.0,0.33333,2008
Gang Pan 0001,Zhejiang University,cvpr,1.0,0.25,2010
Gang Pan 0001,Zhejiang University,cvpr,1.0,0.2,2015
Gang Pan 0001,Zhejiang University,cvpr,1.0,0.2,2021
Gang Pan 0001,Zhejiang University,cvpr,2.0,0.36667,2023
Gang Pan 0001,Zhejiang University,cvpr,2.0,0.39286,2024
Gang Pan 0001,Zhejiang University,eccv,1.0,0.25,2006
Gang Pan 0001,Zhejiang University,eccv,1.0,0.2,2008
Gang Pan 0001,Zhejiang University,iccv,1.0,0.25,2007
Gang Pan 0001,Zhejiang University,icde,1.0,0.125,2019
Gang Pan 0001,Zhejiang University,icde,1.0,0.14286,2022
Gang Pan 0001,Zhejiang University,iclr,1.0,0.14286,2024
Gang Pan 0001,Zhejiang University,iclr,4.0,0.71786,2025
Gang Pan 0001,Zhejiang University,icml,2.0,0.45833,2023
Gang Pan 0001,Zhejiang University,icml,3.0,0.66667,2024
Gang Pan 0001,Zhejiang University,icml,6.0,1.1262,2025
Gang Pan 0001,Zhejiang University,icra,1.0,0.125,2025
Gang Pan 0001,Zhejiang University,ijcai,1.0,0.25,2013
Gang Pan 0001,Zhejiang University,ijcai,4.0,0.70952,2018
Gang Pan 0001,Zhejiang University,ijcai,1.0,0.25,2019
Gang Pan 0001,Zhejiang University,ijcai,2.0,0.45,2021
Gang Pan 0001,Zhejiang University,ijcai,2.0,0.45,2022
Gang Pan 0001,Zhejiang University,ijcai,1.0,0.2,2024
Gang Pan 0001,Zhejiang University,ijcai,1.0,0.14286,2025
Gang Pan 0001,Zhejiang University,iros,1.0,0.16667,2023
Gang Pan 0001,Zhejiang University,nips,1.0,0.25,2019
Gang Pan 0001,Zhejiang University,nips,1.0,0.33333,2020
Gang Pan 0001,Zhejiang University,nips,3.0,0.70833,2022
Gang Pan 0001,Zhejiang University,nips,2.0,0.47619,2023
Gang Pan 0001,Zhejiang University,nips,2.0,0.45,2024
Gang Pan 0001,Zhejiang University,sigmod,1.0,0.2,2020
Gang Pan 0001,Zhejiang University,ubicomp,1.0,0.33333,2012
Gang Pan 0001,Zhejiang University,ubicomp,2.0,0.225,2016
Gang Pan 0001,Zhejiang University,ubicomp,1.0,0.11111,2017
Gang Pan 0001,Zhejiang University,vldb,1.0,0.16667,2023
Gang Pan 0001,Zhejiang University,www,1.0,0.16667,2019
Guanyun Wang,Zhejiang University,chiconf,1.0,0.14286,2015
Guanyun Wang,Zhejiang University,chiconf,1.0,0.16667,2016
Guanyun Wang,Zhejiang University,chiconf,1.0,0.14286,2017
Guanyun Wang,Zhejiang University,chiconf,2.0,0.26786,2018
Guanyun Wang,Zhejiang University,chiconf,3.0,0.47778,2019
Guanyun Wang,Zhejiang University,chiconf,2.0,0.21111,2021
Guanyun Wang,Zhejiang University,chiconf,1.0,0.1,2022
Guanyun Wang,Zhejiang University,chiconf,7.0,0.71112,2023
Guanyun Wang,Zhejiang University,chiconf,4.0,0.38584,2024
Guanyun Wang,Zhejiang University,chiconf,3.0,0.35119,2025
Guanyun Wang,Zhejiang University,ubicomp,1.0,0.14286,2020
Guanyun Wang,Zhejiang University,ubicomp,1.0,0.083333,2022
Guanyun Wang,Zhejiang University,ubicomp,2.0,0.15,2023
Guanyun Wang,Zhejiang University,ubicomp,1.0,0.1,2025
Guanyun Wang,Zhejiang University,uist,1.0,0.125,2018
Guanyun Wang,Zhejiang University,uist,1.0,0.11111,2019
Guanyun Wang,Zhejiang University,uist,1.0,0.2,2020
Guanyun Wang,Zhejiang University,uist,1.0,0.1,2022
Guanyun Wang,Zhejiang University,uist,3.0,0.27424,2024
Guanyun Wang,Zhejiang University,uist,4.0,0.41313,2025
Guochuan Zhang,Zhejiang University,aaai,1.0,0.16667,2021
Guochuan Zhang,Zhejiang University,focs,1.0,0.25,2024
Guochuan Zhang,Zhejiang University,soda,1.0,0.5,2004
Guochuan Zhang,Zhejiang University,soda,1.0,0.2,2007
Guochuan Zhang,Zhejiang University,soda,1.0,0.33333,2014
Guochuan Zhang,Zhejiang University,soda,1.0,0.25,2024
Guochuan Zhang,Zhejiang University,stoc,2.0,0.5,2024
Guochuan Zhang,Zhejiang University,stoc,1.0,0.33333,2025
Guochuan Zhang,Zhejiang University,wine,1.0,0.2,2005
Guochuan Zhang,Zhejiang University,wine,1.0,0.5,2008
Guofeng Zhang 0001,Zhejiang University,aaai,1.0,0.11111,2025
Guofeng Zhang 0001,Zhejiang University,cvpr,1.0,0.16667,2007
Guofeng Zhang 0001,Zhejiang University,cvpr,1.0,0.25,2008
Guofeng Zhang 0001,Zhejiang University,cvpr,1.0,0.2,2012
Guofeng Zhang 0001,Zhejiang University,cvpr,1.0,0.2,2018
Guofeng Zhang 0001,Zhejiang University,cvpr,1.0,0.2,2020
Guofeng Zhang 0001,Zhejiang University,cvpr,1.0,0.11111,2021
Guofeng Zhang 0001,Zhejiang University,cvpr,4.0,0.62857,2022
Guofeng Zhang 0001,Zhejiang University,cvpr,5.0,0.75397,2023
Guofeng Zhang 0001,Zhejiang University,cvpr,3.0,0.38889,2024
Guofeng Zhang 0001,Zhejiang University,cvpr,6.0,0.9293,2025
Guofeng Zhang 0001,Zhejiang University,eccv,1.0,0.2,2010
Guofeng Zhang 0001,Zhejiang University,eccv,1.0,0.2,2012
Guofeng Zhang 0001,Zhejiang University,eccv,2.0,0.26786,2022
Guofeng Zhang 0001,Zhejiang University,eccv,3.0,0.45833,2024
Guofeng Zhang 0001,Zhejiang University,eurographics,1.0,0.2,2009
Guofeng Zhang 0001,Zhejiang University,eurographics,1.0,0.14286,2023
Guofeng Zhang 0001,Zhejiang University,iccv,1.0,0.16667,2007
Guofeng Zhang 0001,Zhejiang University,iccv,1.0,0.25,2009
Guofeng Zhang 0001,Zhejiang University,iccv,1.0,0.33333,2011
Guofeng Zhang 0001,Zhejiang University,iccv,2.0,0.33333,2019
Guofeng Zhang 0001,Zhejiang University,iccv,2.0,0.26786,2021
Guofeng Zhang 0001,Zhejiang University,iccv,3.0,0.41071,2023
Guofeng Zhang 0001,Zhejiang University,iclr,1.0,0.14286,2025
Guofeng Zhang 0001,Zhejiang University,icra,2.0,0.45,2017
Guofeng Zhang 0001,Zhejiang University,icra,1.0,0.33333,2020
Guofeng Zhang 0001,Zhejiang University,icra,2.0,0.30952,2022
Guofeng Zhang 0001,Zhejiang University,icra,1.0,0.25,2023
Guofeng Zhang 0001,Zhejiang University,icra,2.0,0.31111,2024
Guofeng Zhang 0001,Zhejiang University,icra,2.0,0.29167,2025
Guofeng Zhang 0001,Zhejiang University,iros,1.0,0.33333,2019
Guofeng Zhang 0001,Zhejiang University,iros,1.0,0.16667,2021
Guofeng Zhang 0001,Zhejiang University,iros,1.0,0.25,2022
Guofeng Zhang 0001,Zhejiang University,iros,1.0,0.125,2023
Guofeng Zhang 0001,Zhejiang University,iros,1.0,0.33333,2024
Guofeng Zhang 0001,Zhejiang University,iros,3.0,0.47619,2025
Guofeng Zhang 0001,Zhejiang University,nips,1.0,0.2,2023
Guofeng Zhang 0001,Zhejiang University,nips,4.0,0.52063,2024
Guofeng Zhang 0001,Zhejiang University,siggraph,1.0,0.14286,2022
Guofeng Zhang 0001,Zhejiang University,siggraph-asia,1.0,0.125,2022
Guofeng Zhang 0001,Zhejiang University,vr,1.0,0.16667,2021
Guofeng Zhang 0001,Zhejiang University,vr,1.0,0.14286,2022
Guofeng Zhang 0001,Zhejiang University,vr,1.0,0.11111,2023
Guofeng Zhang 0001,Zhejiang University,vr,1.0,0.14286,2024
Guofeng Zhang 0001,Zhejiang University,vr,1.0,0.125,2025
Hai Lin 0003,Zhejiang University,aaai,1.0,0.14286,2025
Hai Lin 0003,Zhejiang University,eurographics,1.0,0.33333,2005
Hai Lin 0003,Zhejiang University,eurographics,1.0,0.33333,2015
Hai Lin 0003,Zhejiang University,eurographics,1.0,0.2,2016
Hai Lin 0003,Zhejiang University,eurographics,1.0,0.16667,2022
Hai Lin 0003,Zhejiang University,ijcai,1.0,0.14286,2022
Hai Lin 0003,Zhejiang University,siggraph,1.0,0.125,2022
Hai Lin 0003,Zhejiang University,vis,1.0,0.16667,2012
Haifeng Liu 0001,Zhejiang University,aaai,1.0,0.5,2010
Haifeng Liu 0001,Zhejiang University,aaai,1.0,0.25,2018
Haifeng Liu 0001,Zhejiang University,aaai,2.0,0.41667,2020
Haifeng Liu 0001,Zhejiang University,aaai,1.0,0.14286,2021
Haifeng Liu 0001,Zhejiang University,aaai,2.0,0.21111,2024
Haifeng Liu 0001,Zhejiang University,cvpr,2.0,0.5,2012
Haifeng Liu 0001,Zhejiang University,cvpr,1.0,0.125,2022
Haifeng Liu 0001,Zhejiang University,cvpr,1.0,0.125,2023
Haifeng Liu 0001,Zhejiang University,cvpr,1.0,0.090909,2024
Haifeng Liu 0001,Zhejiang University,eccv,2.0,0.325,2022
Haifeng Liu 0001,Zhejiang University,icde,1.0,0.5,2004
Haifeng Liu 0001,Zhejiang University,iclr,1.0,0.11111,2025
Haifeng Liu 0001,Zhejiang University,icml,1.0,0.11111,2021
Haifeng Liu 0001,Zhejiang University,ijcai,1.0,0.33333,2011
Haifeng Liu 0001,Zhejiang University,ijcai,1.0,0.14286,2017
Haifeng Liu 0001,Zhejiang University,iros,1.0,0.125,2025
Haifeng Liu 0001,Zhejiang University,sigir,1.0,0.25,2004
Haifeng Liu 0001,Zhejiang University,www,1.0,0.25,2004
Haifeng Liu 0001,Zhejiang University,www,1.0,0.33333,2005
Haifeng Liu 0001,Zhejiang University,www,1.0,0.16667,2017
Holly E. Rushmeier,Yale University,eurographics,1.0,0.33333,2001
Holly E. Rushmeier,Yale University,eurographics,1.0,0.5,2002
Holly E. Rushmeier,Yale University,eurographics,2.0,0.66667,2009
Holly E. Rushmeier,Yale University,eurographics,1.0,0.25,2010
Holly E. Rushmeier,Yale University,eurographics,2.0,0.66667,2011
Holly E. Rushmeier,Yale University,eurographics,1.0,0.14286,2012
Holly E. Rushmeier,Yale University,eurographics,1.0,0.25,2013
Holly E. Rushmeier,Yale University,eurographics,1.0,0.16667,2016
Holly E. Rushmeier,Yale University,eurographics,1.0,0.2,2022
Holly E. Rushmeier,Yale University,iccv,1.0,0.25,2001
Holly E. Rushmeier,Yale University,iclr,1.0,0.090909,2025
Holly E. Rushmeier,Yale University,nips,1.0,0.2,2022
Holly E. Rushmeier,Yale University,siggraph,1.0,0.5,1987
Holly E. Rushmeier,Yale University,siggraph,1.0,0.25,1991
Holly E. Rushmeier,Yale University,siggraph,1.0,0.5,1994
Holly E. Rushmeier,Yale University,siggraph,1.0,0.33333,2004
Holly E. Rushmeier,Yale University,siggraph,2.0,0.39286,2012
Holly E. Rushmeier,Yale University,siggraph,2.0,0.36667,2016
Holly E. Rushmeier,Yale University,siggraph,1.0,0.16667,2021
Holly E. Rushmeier,Yale University,siggraph,1.0,0.2,2022
Holly E. Rushmeier,Yale University,siggraph,1.0,0.2,2023
Holly E. Rushmeier,Yale University,siggraph-asia,2.0,0.5,2011
Holly E. Rushmeier,Yale University,siggraph-asia,1.0,0.33333,2013
Holly E. Rushmeier,Yale University,siggraph-asia,1.0,0.33333,2019
Holly E. Rushmeier,Yale University,uist,1.0,0.25,2014
Hongzhi Wu,Zhejiang University,cvpr,1.0,0.14286,2023
Hongzhi Wu,Zhejiang University,cvpr,1.0,0.16667,2024
Hongzhi Wu,Zhejiang University,cvpr,2.0,0.20202,2025
Hongzhi Wu,Zhejiang University,eurographics,1.0,0.33333,2009
Hongzhi Wu,Zhejiang University,eurographics,1.0,0.33333,2011
Hongzhi Wu,Zhejiang University,eurographics,1.0,0.5,2015
Hongzhi Wu,Zhejiang University,eurographics,2.0,0.33333,2017
Hongzhi Wu,Zhejiang University,iccv,1.0,0.14286,2021
Hongzhi Wu,Zhejiang University,ijcai,1.0,0.16667,2022
Hongzhi Wu,Zhejiang University,nips,1.0,0.083333,2024
Hongzhi Wu,Zhejiang University,siggraph,2.0,0.4,2016
Hongzhi Wu,Zhejiang University,siggraph,1.0,0.2,2017
Hongzhi Wu,Zhejiang University,siggraph,1.0,0.2,2018
Hongzhi Wu,Zhejiang University,siggraph,1.0,0.2,2021
Hongzhi Wu,Zhejiang University,siggraph,1.0,0.16667,2023
Hongzhi Wu,Zhejiang University,siggraph,1.0,0.2,2025
Hongzhi Wu,Zhejiang University,siggraph-asia,1.0,0.33333,2011
Hongzhi Wu,Zhejiang University,siggraph-asia,1.0,0.33333,2013
Hongzhi Wu,Zhejiang University,siggraph-asia,1.0,0.2,2016
Hongzhi Wu,Zhejiang University,siggraph-asia,1.0,0.16667,2018
Hongzhi Wu,Zhejiang University,siggraph-asia,1.0,0.125,2019
Hongzhi Wu,Zhejiang University,siggraph-asia,2.0,0.36667,2023
Hongzhi Wu,Zhejiang University,siggraph-asia,1.0,0.14286,2024
Huajun Chen,Zhejiang University,aaai,1.0,0.1,2008
Huajun Chen,Zhejiang University,aaai,1.0,0.14286,2021
Huajun Chen,Zhejiang University,aaai,1.0,0.1,2022
Huajun Chen,Zhejiang University,aaai,3.0,0.43452,2023
Huajun Chen,Zhejiang University,aaai,2.0,0.33333,2024
Huajun Chen,Zhejiang University,aaai,3.0,0.36111,2025
Huajun Chen,Zhejiang University,acl,1.0,0.11111,2020
Huajun Chen,Zhejiang University,acl,2.0,0.325,2021
Huajun Chen,Zhejiang University,acl,1.0,0.11111,2023
Huajun Chen,Zhejiang University,acl,5.0,0.61071,2024
Huajun Chen,Zhejiang University,acl,12.0,1.4299,2025
Huajun Chen,Zhejiang University,emnlp,2.0,0.29167,2018
Huajun Chen,Zhejiang University,emnlp,1.0,0.2,2019
Huajun Chen,Zhejiang University,emnlp,1.0,0.25,2022
Huajun Chen,Zhejiang University,emnlp,3.0,0.41071,2023
Huajun Chen,Zhejiang University,icde,2.0,0.26667,2021
Huajun Chen,Zhejiang University,icde,3.0,0.27311,2023
Huajun Chen,Zhejiang University,iclr,2.0,0.23611,2022
Huajun Chen,Zhejiang University,iclr,2.0,0.30952,2023
Huajun Chen,Zhejiang University,iclr,4.0,0.625,2024
Huajun Chen,Zhejiang University,iclr,4.0,0.49008,2025
Huajun Chen,Zhejiang University,icml,1.0,0.16667,2022
Huajun Chen,Zhejiang University,icml,1.0,0.090909,2024
Huajun Chen,Zhejiang University,ijcai,1.0,0.25,2017
Huajun Chen,Zhejiang University,ijcai,1.0,0.25,2019
Huajun Chen,Zhejiang University,ijcai,1.0,0.14286,2020
Huajun Chen,Zhejiang University,ijcai,3.0,0.42063,2021
Huajun Chen,Zhejiang University,ijcai,1.0,0.14286,2022
Huajun Chen,Zhejiang University,ijcai,3.0,0.45833,2023
Huajun Chen,Zhejiang University,ijcai,3.0,0.33611,2024
Huajun Chen,Zhejiang University,kdd,1.0,0.090909,2021
Huajun Chen,Zhejiang University,kdd,1.0,0.11111,2022
Huajun Chen,Zhejiang University,naacl,1.0,0.14286,2019
Huajun Chen,Zhejiang University,naacl,1.0,0.16667,2024
Huajun Chen,Zhejiang University,nips,2.0,0.31111,2022
Huajun Chen,Zhejiang University,nips,2.0,0.25,2023
Huajun Chen,Zhejiang University,nips,5.0,0.542,2024
Huajun Chen,Zhejiang University,sigir,4.0,0.47375,2022
Huajun Chen,Zhejiang University,sigir,1.0,0.14286,2023
Huajun Chen,Zhejiang University,sigir,1.0,0.125,2024
Huajun Chen,Zhejiang University,vldb,1.0,0.2,2024
Huajun Chen,Zhejiang University,www,1.0,0.125,2019
Huajun Chen,Zhejiang University,www,1.0,0.16667,2020
Huajun Chen,Zhejiang University,www,1.0,0.125,2021
Huajun Chen,Zhejiang University,www,2.0,0.23611,2022
Huajun Chen,Zhejiang University,www,1.0,0.125,2023
Huajun Chen,Zhejiang University,www,1.0,0.125,2025
Huan Li 0003,Zhejiang University,aaai,1.0,0.16667,2025
Huan Li 0003,Zhejiang University,acl,1.0,0.14286,2024
Huan Li 0003,Zhejiang University,icde,2.0,0.36667,2020
Huan Li 0003,Zhejiang University,icde,1.0,0.2,2023
Huan Li 0003,Zhejiang University,icde,2.0,0.33333,2024
Huan Li 0003,Zhejiang University,iclr,1.0,0.11111,2025
Huan Li 0003,Zhejiang University,ijcai,1.0,0.25,2023
Huan Li 0003,Zhejiang University,kdd,2.0,0.41667,2024
Huan Li 0003,Zhejiang University,sigir,2.0,0.325,2025
Huan Li 0003,Zhejiang University,sigmod,1.0,0.2,2022
Huan Li 0003,Zhejiang University,sigmod,1.0,0.16667,2023
Huan Li 0003,Zhejiang University,sigmod,2.0,0.33333,2025
Huan Li 0003,Zhejiang University,vldb,1.0,0.2,2021
Huan Li 0003,Zhejiang University,vldb,2.0,0.45,2022
Huan Li 0003,Zhejiang University,vldb,1.0,0.16667,2023
Huan Li 0003,Zhejiang University,vldb,1.0,0.16667,2024
Huan Li 0003,Zhejiang University,www,1.0,0.16667,2024
Hui Qian 0001,Zhejiang University,aaai,2.0,0.5,2013
Hui Qian 0001,Zhejiang University,aaai,1.0,0.25,2014
Hui Qian 0001,Zhejiang University,aaai,2.0,0.58333,2016
Hui Qian 0001,Zhejiang University,aaai,2.0,0.36667,2020
Hui Qian 0001,Zhejiang University,aaai,1.0,0.2,2021
Hui Qian 0001,Zhejiang University,aaai,1.0,0.16667,2022
Hui Qian 0001,Zhejiang University,aaai,2.0,0.4,2023
Hui Qian 0001,Zhejiang University,aaai,1.0,0.2,2024
Hui Qian 0001,Zhejiang University,aaai,1.0,0.16667,2025
Hui Qian 0001,Zhejiang University,eccv,1.0,0.33333,2022
Hui Qian 0001,Zhejiang University,iccv,1.0,0.14286,2015
Hui Qian 0001,Zhejiang University,iccv,1.0,0.33333,2021
Hui Qian 0001,Zhejiang University,iclr,1.0,0.16667,2023
Hui Qian 0001,Zhejiang University,icml,1.0,0.25,2014
Hui Qian 0001,Zhejiang University,icml,1.0,0.2,2018
Hui Qian 0001,Zhejiang University,icml,1.0,0.2,2019
Hui Qian 0001,Zhejiang University,icml,1.0,0.1,2025
Hui Qian 0001,Zhejiang University,ijcai,1.0,0.25,2015
Hui Qian 0001,Zhejiang University,ijcai,2.0,0.5,2016
Hui Qian 0001,Zhejiang University,ijcai,2.0,0.45,2017
Hui Qian 0001,Zhejiang University,ijcai,1.0,0.14286,2018
Hui Qian 0001,Zhejiang University,ijcai,1.0,0.16667,2020
Hui Qian 0001,Zhejiang University,ijcai,1.0,0.2,2021
Hui Qian 0001,Zhejiang University,ijcai,1.0,0.25,2022
Hui Qian 0001,Zhejiang University,kdd,1.0,0.25,2014
Hui Qian 0001,Zhejiang University,nips,3.0,0.46786,2024
Hujun Bao,Zhejiang University,aaai,1.0,0.11111,2022
Hujun Bao,Zhejiang University,aaai,1.0,0.2,2024
Hujun Bao,Zhejiang University,aaai,1.0,0.125,2025
Hujun Bao,Zhejiang University,cvpr,1.0,0.33333,2003
Hujun Bao,Zhejiang University,cvpr,1.0,0.16667,2007
Hujun Bao,Zhejiang University,cvpr,1.0,0.25,2008
Hujun Bao,Zhejiang University,cvpr,1.0,0.33333,2009
Hujun Bao,Zhejiang University,cvpr,2.0,0.66667,2011
Hujun Bao,Zhejiang University,cvpr,1.0,0.2,2012
Hujun Bao,Zhejiang University,cvpr,1.0,0.2,2018
Hujun Bao,Zhejiang University,cvpr,3.0,0.54286,2019
Hujun Bao,Zhejiang University,cvpr,2.0,0.30952,2020
Hujun Bao,Zhejiang University,cvpr,7.0,1.1873,2021
Hujun Bao,Zhejiang University,cvpr,3.0,0.51786,2022
Hujun Bao,Zhejiang University,cvpr,9.0,1.3838,2023
Hujun Bao,Zhejiang University,cvpr,7.0,0.95397,2024
Hujun Bao,Zhejiang University,cvpr,8.0,1.01,2025
Hujun Bao,Zhejiang University,eccv,1.0,0.2,2010
Hujun Bao,Zhejiang University,eccv,1.0,0.2,2012
Hujun Bao,Zhejiang University,eccv,3.0,0.47619,2020
Hujun Bao,Zhejiang University,eccv,2.0,0.26786,2022
Hujun Bao,Zhejiang University,eccv,2.0,0.20833,2024
Hujun Bao,Zhejiang University,eurographics,1.0,0.5,1993
Hujun Bao,Zhejiang University,eurographics,1.0,0.33333,1995
Hujun Bao,Zhejiang University,eurographics,2.0,0.83333,1998
Hujun Bao,Zhejiang University,eurographics,1.0,0.2,2001
Hujun Bao,Zhejiang University,eurographics,1.0,0.33333,2005
Hujun Bao,Zhejiang University,eurographics,1.0,0.2,2007
Hujun Bao,Zhejiang University,eurographics,1.0,0.25,2008
Hujun Bao,Zhejiang University,eurographics,2.0,0.4,2009
Hujun Bao,Zhejiang University,eurographics,2.0,0.5,2012
Hujun Bao,Zhejiang University,eurographics,1.0,0.25,2014
Hujun Bao,Zhejiang University,eurographics,3.0,0.78333,2015
Hujun Bao,Zhejiang University,eurographics,2.0,0.4,2016
Hujun Bao,Zhejiang University,eurographics,1.0,0.25,2017
Hujun Bao,Zhejiang University,eurographics,3.0,0.61667,2018
Hujun Bao,Zhejiang University,eurographics,3.0,0.53333,2020
Hujun Bao,Zhejiang University,eurographics,1.0,0.25,2021
Hujun Bao,Zhejiang University,eurographics,5.0,0.89167,2022
Hujun Bao,Zhejiang University,iccv,1.0,0.16667,2007
Hujun Bao,Zhejiang University,iccv,1.0,0.25,2009
Hujun Bao,Zhejiang University,iccv,1.0,0.33333,2011
Hujun Bao,Zhejiang University,iccv,2.0,0.33333,2019
Hujun Bao,Zhejiang University,iccv,6.0,0.8869,2021
Hujun Bao,Zhejiang University,iccv,3.0,0.46786,2023
Hujun Bao,Zhejiang University,iclr,3.0,0.39286,2025
Hujun Bao,Zhejiang University,icra,1.0,0.2,2017
Hujun Bao,Zhejiang University,icra,1.0,0.33333,2020
Hujun Bao,Zhejiang University,icra,2.0,0.30952,2022
Hujun Bao,Zhejiang University,icra,2.0,0.5,2023
Hujun Bao,Zhejiang University,icra,2.0,0.31111,2024
Hujun Bao,Zhejiang University,icra,2.0,0.29167,2025
Hujun Bao,Zhejiang University,ijcai,1.0,0.2,2007
Hujun Bao,Zhejiang University,ijcai,2.0,0.53333,2009
Hujun Bao,Zhejiang University,ijcai,1.0,0.2,2024
Hujun Bao,Zhejiang University,iros,1.0,0.33333,2019
Hujun Bao,Zhejiang University,iros,1.0,0.16667,2021
Hujun Bao,Zhejiang University,iros,1.0,0.125,2023
Hujun Bao,Zhejiang University,iros,2.0,0.30952,2025
Hujun Bao,Zhejiang University,nips,1.0,0.16667,2019
Hujun Bao,Zhejiang University,nips,3.0,0.47619,2022
Hujun Bao,Zhejiang University,nips,2.0,0.34286,2023
Hujun Bao,Zhejiang University,nips,2.0,0.25397,2024
Hujun Bao,Zhejiang University,siggraph,1.0,0.14286,2004
Hujun Bao,Zhejiang University,siggraph,2.0,0.28571,2005
Hujun Bao,Zhejiang University,siggraph,3.0,0.33611,2006
Hujun Bao,Zhejiang University,siggraph,1.0,0.16667,2007
Hujun Bao,Zhejiang University,siggraph,3.0,0.5,2008
Hujun Bao,Zhejiang University,siggraph,1.0,0.2,2009
Hujun Bao,Zhejiang University,siggraph,1.0,0.25,2010
Hujun Bao,Zhejiang University,siggraph,1.0,0.16667,2014
Hujun Bao,Zhejiang University,siggraph,1.0,0.16667,2015
Hujun Bao,Zhejiang University,siggraph,2.0,0.41667,2016
Hujun Bao,Zhejiang University,siggraph,2.0,0.4,2018
Hujun Bao,Zhejiang University,siggraph,1.0,0.14286,2021
Hujun Bao,Zhejiang University,siggraph,6.0,0.92857,2022
Hujun Bao,Zhejiang University,siggraph,1.0,0.11111,2024
Hujun Bao,Zhejiang University,siggraph,2.0,0.325,2025
Hujun Bao,Zhejiang University,siggraph-asia,1.0,0.16667,2008
Hujun Bao,Zhejiang University,siggraph-asia,1.0,0.33333,2009
Hujun Bao,Zhejiang University,siggraph-asia,1.0,0.25,2011
Hujun Bao,Zhejiang University,siggraph-asia,2.0,0.36667,2013
Hujun Bao,Zhejiang University,siggraph-asia,1.0,0.16667,2014
Hujun Bao,Zhejiang University,siggraph-asia,2.0,0.53333,2015
Hujun Bao,Zhejiang University,siggraph-asia,1.0,0.2,2016
Hujun Bao,Zhejiang University,siggraph-asia,1.0,0.16667,2019
Hujun Bao,Zhejiang University,siggraph-asia,2.0,0.24286,2022
Hujun Bao,Zhejiang University,siggraph-asia,6.0,0.86071,2023
Hujun Bao,Zhejiang University,siggraph-asia,7.0,1.0496,2024
Hujun Bao,Zhejiang University,vis,1.0,0.33333,2011
Hujun Bao,Zhejiang University,vis,1.0,0.16667,2012
Hujun Bao,Zhejiang University,vldb,1.0,0.2,2018
Hujun Bao,Zhejiang University,vr,1.0,0.33333,2019
Hujun Bao,Zhejiang University,vr,1.0,0.16667,2021
Hujun Bao,Zhejiang University,vr,1.0,0.14286,2022
Hujun Bao,Zhejiang University,vr,1.0,0.11111,2023
Hujun Bao,Zhejiang University,vr,1.0,0.14286,2024
Hujun Bao,Zhejiang University,vr,1.0,0.125,2025
Jakub Szefer,Yale University,asplos,1.0,0.5,2012
Jakub Szefer,Yale University,asplos,1.0,0.33333,2020
Jakub Szefer,Yale University,ccs,1.0,0.25,2011
Jakub Szefer,Yale University,ccs,1.0,0.33333,2022
Jakub Szefer,Yale University,ccs,2.0,0.58333,2023
Jakub Szefer,Yale University,crypto,1.0,0.33333,2021
Jakub Szefer,Yale University,dac,1.0,0.5,2021
Jakub Szefer,Yale University,hpca,1.0,0.5,2020
Jakub Szefer,Yale University,hpca,1.0,0.33333,2022
Jakub Szefer,Yale University,iccad,1.0,0.5,2020
Jakub Szefer,Yale University,iccad,2.0,0.43333,2024
Jakub Szefer,Yale University,isca,1.0,0.25,2010
Jakub Szefer,Yale University,isca,1.0,0.33333,2019
Jakub Szefer,Yale University,oakland,1.0,0.33333,2020
Jakub Szefer,Yale University,oakland,1.0,0.5,2025
James Aspnes,Yale University,aaai,1.0,0.16667,2019
James Aspnes,Yale University,focs,1.0,0.5,1992
James Aspnes,Yale University,focs,1.0,0.25,1994
James Aspnes,Yale University,focs,1.0,0.25,2011
James Aspnes,Yale University,osdi,1.0,0.125,2018
James Aspnes,Yale University,soda,1.0,0.16667,1995
James Aspnes,Yale University,soda,1.0,0.2,2001
James Aspnes,Yale University,soda,1.0,0.5,2003
James Aspnes,Yale University,soda,1.0,0.33333,2005
James Aspnes,Yale University,soda,1.0,0.33333,2007
James Aspnes,Yale University,soda,1.0,0.33333,2008
James Aspnes,Yale University,soda,1.0,0.5,2009
James Aspnes,Yale University,soda,1.0,0.2,2014
James Aspnes,Yale University,soda,1.0,0.2,2017
James Aspnes,Yale University,soda,1.0,0.33333,2018
James Aspnes,Yale University,stoc,2.0,0.58333,1991
James Aspnes,Yale University,stoc,1.0,0.2,1993
James Aspnes,Yale University,stoc,1.0,0.5,1996
James Aspnes,Yale University,stoc,1.0,1.0,1997
James Aspnes,Yale University,stoc,1.0,0.33333,2002
James Aspnes,Yale University,stoc,1.0,0.25,2006
James Aspnes,Yale University,stoc,1.0,0.2,2019
James Aspnes,Yale University,vldb,1.0,0.2,1988
Jiajun Bu,Zhejiang University,aaai,2.0,0.30952,2010
Jiajun Bu,Zhejiang University,aaai,1.0,0.25,2011
Jiajun Bu,Zhejiang University,aaai,3.0,0.59286,2012
Jiajun Bu,Zhejiang University,aaai,2.0,0.41667,2014
Jiajun Bu,Zhejiang University,aaai,1.0,0.16667,2016
Jiajun Bu,Zhejiang University,aaai,1.0,0.125,2020
Jiajun Bu,Zhejiang University,aaai,1.0,0.125,2023
Jiajun Bu,Zhejiang University,aaai,1.0,0.14286,2024
Jiajun Bu,Zhejiang University,aaai,2.0,0.29167,2025
Jiajun Bu,Zhejiang University,acl,1.0,0.25,2007
Jiajun Bu,Zhejiang University,chiconf,1.0,0.11111,2025
Jiajun Bu,Zhejiang University,cvpr,1.0,0.25,2004
Jiajun Bu,Zhejiang University,cvpr,1.0,0.16667,2012
Jiajun Bu,Zhejiang University,cvpr,2.0,0.30952,2013
Jiajun Bu,Zhejiang University,cvpr,2.0,0.33333,2014
Jiajun Bu,Zhejiang University,cvpr,2.0,0.26667,2025
Jiajun Bu,Zhejiang University,eccv,1.0,0.2,2010
Jiajun Bu,Zhejiang University,eccv,1.0,0.16667,2020
Jiajun Bu,Zhejiang University,eccv,1.0,0.11111,2022
Jiajun Bu,Zhejiang University,eccv,2.0,0.26786,2024
Jiajun Bu,Zhejiang University,emnlp,2.0,0.375,2023
Jiajun Bu,Zhejiang University,emnlp,1.0,0.125,2024
Jiajun Bu,Zhejiang University,iccv,1.0,0.14286,2021
Jiajun Bu,Zhejiang University,iccv,1.0,0.16667,2023
Jiajun Bu,Zhejiang University,icde,1.0,0.125,2020
Jiajun Bu,Zhejiang University,icde,1.0,0.14286,2021
Jiajun Bu,Zhejiang University,icde,1.0,0.125,2024
Jiajun Bu,Zhejiang University,icml,2.0,0.34286,2025
Jiajun Bu,Zhejiang University,ijcai,1.0,0.25,2009
Jiajun Bu,Zhejiang University,ijcai,1.0,0.16667,2013
Jiajun Bu,Zhejiang University,ijcai,1.0,0.125,2018
Jiajun Bu,Zhejiang University,ijcai,2.0,0.36667,2025
Jiajun Bu,Zhejiang University,kdd,1.0,0.14286,2009
Jiajun Bu,Zhejiang University,kdd,1.0,0.14286,2016
Jiajun Bu,Zhejiang University,kdd,1.0,0.14286,2018
Jiajun Bu,Zhejiang University,kdd,2.0,0.26786,2021
Jiajun Bu,Zhejiang University,mobicom,1.0,0.16667,2020
Jiajun Bu,Zhejiang University,nips,1.0,0.16667,2022
Jiajun Bu,Zhejiang University,nips,2.0,0.30952,2024
Jiajun Bu,Zhejiang University,rtss,1.0,0.2,2013
Jiajun Bu,Zhejiang University,sigir,1.0,0.2,2009
Jiajun Bu,Zhejiang University,sigir,1.0,0.14286,2011
Jiajun Bu,Zhejiang University,www,1.0,0.14286,2010
Jiajun Bu,Zhejiang University,www,1.0,0.25,2012
Jiajun Bu,Zhejiang University,www,1.0,0.14286,2013
Jiajun Bu,Zhejiang University,www,1.0,0.16667,2016
Jiajun Bu,Zhejiang University,www,1.0,0.2,2017
Jiajun Bu,Zhejiang University,www,1.0,0.14286,2020
Jiajun Bu,Zhejiang University,www,1.0,0.14286,2024
Jiajun Bu,Zhejiang University,www,1.0,0.090909,2025
Jian Liu 0012,Zhejiang University,aaai,1.0,0.14286,2023
Jian Liu 0012,Zhejiang University,ccs,1.0,0.33333,2015
Jian Liu 0012,Zhejiang University,ccs,1.0,0.25,2017
Jian Liu 0012,Zhejiang University,ccs,1.0,0.14286,2025
Jian Liu 0012,Zhejiang University,cvpr,1.0,0.125,2024
Jian Liu 0012,Zhejiang University,eccv,1.0,0.14286,2022
Jian Liu 0012,Zhejiang University,fse,1.0,0.14286,2025
Jian Liu 0012,Zhejiang University,iccv,1.0,0.14286,2023
Jian Liu 0012,Zhejiang University,icde,1.0,0.2,2024
Jian Liu 0012,Zhejiang University,ndss,2.0,0.21111,2025
Jian Liu 0012,Zhejiang University,nips,1.0,0.125,2023
Jian Liu 0012,Zhejiang University,oakland,1.0,0.16667,2022
Jian Liu 0012,Zhejiang University,oakland,1.0,0.25,2024
Jian Liu 0012,Zhejiang University,pets,1.0,0.2,2017
Jian Liu 0012,Zhejiang University,pets,1.0,0.2,2019
Jian Liu 0012,Zhejiang University,usenixsec,1.0,0.2,2024
Jian Liu 0012,Zhejiang University,usenixsec,2.0,0.225,2025
Jian Liu 0012,Zhejiang University,vldb,1.0,0.25,2021
Jian Liu 0012,Zhejiang University,vldb,1.0,0.2,2023
Jian Liu 0012,Zhejiang University,vldb,1.0,0.11111,2024
Jian Liu 0012,Zhejiang University,www,1.0,0.16667,2025
Jian Wu 0001,Zhejiang University,aaai,1.0,0.125,2021
Jian Wu 0001,Zhejiang University,aaai,1.0,0.2,2022
Jian Wu 0001,Zhejiang University,aaai,1.0,0.2,2023
Jian Wu 0001,Zhejiang University,aaai,1.0,0.16667,2024
Jian Wu 0001,Zhejiang University,aaai,2.0,0.21591,2025
Jian Wu 0001,Zhejiang University,acl,3.0,0.35,2025
Jian Wu 0001,Zhejiang University,ase,1.0,0.14286,2018
Jian Wu 0001,Zhejiang University,ase,1.0,0.14286,2019
Jian Wu 0001,Zhejiang University,cvpr,1.0,0.16667,2020
Jian Wu 0001,Zhejiang University,cvpr,1.0,0.2,2024
Jian Wu 0001,Zhejiang University,cvpr,1.0,0.125,2025
Jian Wu 0001,Zhejiang University,eccv,1.0,0.125,2024
Jian Wu 0001,Zhejiang University,emnlp,1.0,0.16667,2024
Jian Wu 0001,Zhejiang University,iccv,1.0,0.16667,2023
Jian Wu 0001,Zhejiang University,icde,1.0,0.16667,2013
Jian Wu 0001,Zhejiang University,iclr,1.0,0.2,2023
Jian Wu 0001,Zhejiang University,iclr,2.0,0.23611,2024
Jian Wu 0001,Zhejiang University,iclr,1.0,0.14286,2025
Jian Wu 0001,Zhejiang University,icml,1.0,0.2,2021
Jian Wu 0001,Zhejiang University,icml,1.0,0.16667,2022
Jian Wu 0001,Zhejiang University,ijcai,1.0,0.125,2018
Jian Wu 0001,Zhejiang University,ijcai,1.0,0.2,2021
Jian Wu 0001,Zhejiang University,ijcai,2.0,0.25,2023
Jian Wu 0001,Zhejiang University,ijcai,2.0,0.375,2024
Jian Wu 0001,Zhejiang University,ijcai,2.0,0.27778,2025
Jian Wu 0001,Zhejiang University,kdd,2.0,0.36667,2024
Jian Wu 0001,Zhejiang University,naacl,1.0,0.11111,2024
Jian Wu 0001,Zhejiang University,nips,4.0,0.44286,2023
Jian Wu 0001,Zhejiang University,nips,1.0,0.125,2024
Jian Wu 0001,Zhejiang University,sigmod,1.0,0.2,2011
Jianke Zhu,Zhejiang University,aaai,1.0,0.25,2011
Jianke Zhu,Zhejiang University,aaai,1.0,0.16667,2019
Jianke Zhu,Zhejiang University,aaai,1.0,0.14286,2020
Jianke Zhu,Zhejiang University,aaai,3.0,0.91667,2022
Jianke Zhu,Zhejiang University,aaai,1.0,0.33333,2023
Jianke Zhu,Zhejiang University,aaai,1.0,0.25,2024
Jianke Zhu,Zhejiang University,aaai,1.0,0.125,2025
Jianke Zhu,Zhejiang University,acl,1.0,0.1,2025
Jianke Zhu,Zhejiang University,cvpr,2.0,0.83333,2007
Jianke Zhu,Zhejiang University,cvpr,1.0,0.25,2008
Jianke Zhu,Zhejiang University,cvpr,1.0,0.33333,2009
Jianke Zhu,Zhejiang University,cvpr,1.0,0.33333,2015
Jianke Zhu,Zhejiang University,cvpr,1.0,0.25,2022
Jianke Zhu,Zhejiang University,cvpr,2.0,0.53333,2023
Jianke Zhu,Zhejiang University,cvpr,3.0,0.43452,2024
Jianke Zhu,Zhejiang University,cvpr,4.0,0.56111,2025
Jianke Zhu,Zhejiang University,eccv,1.0,0.33333,2006
Jianke Zhu,Zhejiang University,eccv,1.0,0.25,2008
Jianke Zhu,Zhejiang University,eccv,1.0,0.2,2012
Jianke Zhu,Zhejiang University,eccv,1.0,0.16667,2022
Jianke Zhu,Zhejiang University,eccv,1.0,0.2,2024
Jianke Zhu,Zhejiang University,iccv,1.0,0.33333,2009
Jianke Zhu,Zhejiang University,iccv,1.0,0.14286,2023
Jianke Zhu,Zhejiang University,iclr,1.0,0.25,2025
Jianke Zhu,Zhejiang University,icml,1.0,0.25,2006
Jianke Zhu,Zhejiang University,ijcai,1.0,0.25,2013
Jianke Zhu,Zhejiang University,ijcai,3.0,1.5833,2017
Jianke Zhu,Zhejiang University,ijcai,2.0,0.47619,2024
Jianke Zhu,Zhejiang University,ijcai,1.0,0.14286,2025
Jianke Zhu,Zhejiang University,iros,2.0,1.0,2023
Jianke Zhu,Zhejiang University,iros,2.0,0.5,2025
Jianke Zhu,Zhejiang University,naacl,1.0,0.058824,2025
Jianke Zhu,Zhejiang University,nips,1.0,0.2,2007
Jianke Zhu,Zhejiang University,nips,2.0,0.36667,2009
Jianke Zhu,Zhejiang University,nips,1.0,0.125,2023
Jianke Zhu,Zhejiang University,sigir,1.0,0.16667,2013
Jianling Sun,Zhejiang University,aaai,1.0,0.16667,2015
Jianling Sun,Zhejiang University,aaai,1.0,0.25,2016
Jianling Sun,Zhejiang University,aaai,1.0,0.2,2018
Jianling Sun,Zhejiang University,aaai,1.0,0.16667,2019
Jianling Sun,Zhejiang University,acl,1.0,0.33333,2019
Jianling Sun,Zhejiang University,acl,1.0,0.2,2024
Jianling Sun,Zhejiang University,ase,1.0,0.2,2019
Jianling Sun,Zhejiang University,ase,1.0,0.14286,2020
Jianling Sun,Zhejiang University,ase,1.0,0.14286,2024
Jianling Sun,Zhejiang University,cvpr,1.0,0.25,2020
Jianling Sun,Zhejiang University,fast,1.0,0.083333,2020
Jianling Sun,Zhejiang University,fse,1.0,0.16667,2024
Jianling Sun,Zhejiang University,icde,1.0,0.2,2021
Jianling Sun,Zhejiang University,icde,1.0,0.16667,2024
Jianling Sun,Zhejiang University,icml,2.0,0.4,2024
Jianling Sun,Zhejiang University,icml,1.0,0.16667,2025
Jianling Sun,Zhejiang University,icse,1.0,0.2,2020
Jianling Sun,Zhejiang University,icse,1.0,0.14286,2025
Jianling Sun,Zhejiang University,ijcai,1.0,0.2,2017
Jianling Sun,Zhejiang University,kdd,1.0,0.2,2020
Jianling Sun,Zhejiang University,kdd,1.0,0.25,2022
Jianling Sun,Zhejiang University,kdd,1.0,0.16667,2024
Jianling Sun,Zhejiang University,nips,1.0,0.25,2022
Jianling Sun,Zhejiang University,sigir,1.0,0.16667,2019
Jianling Sun,Zhejiang University,sigir,1.0,0.25,2021
Jianling Sun,Zhejiang University,sigmod,1.0,0.2,2021
Jianling Sun,Zhejiang University,sigmod,1.0,0.041667,2023
Jianling Sun,Zhejiang University,vldb,1.0,0.16667,2022
Jianling Sun,Zhejiang University,vldb,1.0,0.16667,2023
Jianling Sun,Zhejiang University,www,1.0,0.2,2022
Jianling Sun,Zhejiang University,www,1.0,0.25,2023
Jianling Sun,Zhejiang University,www,1.0,0.25,2024
Jianwei Yin,Zhejiang University,aaai,1.0,0.16667,2021
Jianwei Yin,Zhejiang University,aaai,2.0,0.5,2023
Jianwei Yin,Zhejiang University,aaai,4.0,0.65278,2024
Jianwei Yin,Zhejiang University,aaai,2.0,0.20192,2025
Jianwei Yin,Zhejiang University,acl,1.0,0.16667,2024
Jianwei Yin,Zhejiang University,ase,1.0,0.11111,2024
Jianwei Yin,Zhejiang University,asplos,2.0,0.24286,2024
Jianwei Yin,Zhejiang University,cav,1.0,0.2,2025
Jianwei Yin,Zhejiang University,ccs,2.0,0.21111,2021
Jianwei Yin,Zhejiang University,ccs,1.0,0.125,2022
Jianwei Yin,Zhejiang University,chiconf,1.0,0.14286,2018
Jianwei Yin,Zhejiang University,dac,1.0,0.14286,2023
Jianwei Yin,Zhejiang University,dac,2.0,0.36667,2024
Jianwei Yin,Zhejiang University,dac,3.0,0.36111,2025
Jianwei Yin,Zhejiang University,emnlp,1.0,0.125,2024
Jianwei Yin,Zhejiang University,fse,1.0,0.125,2025
Jianwei Yin,Zhejiang University,hpca,1.0,0.14286,2023
Jianwei Yin,Zhejiang University,hpca,1.0,0.2,2025
Jianwei Yin,Zhejiang University,iccad,1.0,0.16667,2023
Jianwei Yin,Zhejiang University,iccad,1.0,0.11111,2025
Jianwei Yin,Zhejiang University,icde,1.0,0.125,2019
Jianwei Yin,Zhejiang University,icde,2.0,0.36667,2022
Jianwei Yin,Zhejiang University,icde,1.0,0.2,2023
Jianwei Yin,Zhejiang University,icde,1.0,0.16667,2024
Jianwei Yin,Zhejiang University,icde,4.0,0.55952,2025
Jianwei Yin,Zhejiang University,iclr,3.0,0.36667,2025
Jianwei Yin,Zhejiang University,ijcai,1.0,0.125,2020
Jianwei Yin,Zhejiang University,ijcai,1.0,0.14286,2023
Jianwei Yin,Zhejiang University,ijcai,1.0,0.125,2024
Jianwei Yin,Zhejiang University,ijcai,3.0,0.5671,2025
Jianwei Yin,Zhejiang University,isca,2.0,0.23611,2025
Jianwei Yin,Zhejiang University,issta,1.0,0.16667,2023
Jianwei Yin,Zhejiang University,micro,1.0,0.083333,2023
Jianwei Yin,Zhejiang University,nips,2.0,0.21111,2024
Jianwei Yin,Zhejiang University,sigir,2.0,0.4,2025
Jianwei Yin,Zhejiang University,sigmod,1.0,0.2,2023
Jianwei Yin,Zhejiang University,sigmod,1.0,0.1,2025
Jianwei Yin,Zhejiang University,usenixsec,1.0,0.14286,2023
Jianwei Yin,Zhejiang University,vis,1.0,0.11111,2024
Jianwei Yin,Zhejiang University,vldb,1.0,0.16667,2021
Jianwei Yin,Zhejiang University,vldb,1.0,0.16667,2024
Jianwei Yin,Zhejiang University,vldb,1.0,0.2,2025
Jianwei Yin,Zhejiang University,wine,2.0,0.5,2023
Jianwei Yin,Zhejiang University,www,2.0,0.31111,2025
Jin Huang 0001,Zhejiang University,eurographics,2.0,0.5,2012
Jin Huang 0001,Zhejiang University,eurographics,1.0,0.33333,2014
Jin Huang 0001,Zhejiang University,eurographics,3.0,0.65,2015
Jin Huang 0001,Zhejiang University,eurographics,2.0,0.4,2016
Jin Huang 0001,Zhejiang University,eurographics,1.0,0.16667,2017
Jin Huang 0001,Zhejiang University,eurographics,1.0,0.2,2020
Jin Huang 0001,Zhejiang University,eurographics,3.0,0.56667,2022
Jin Huang 0001,Zhejiang University,icde,1.0,0.16667,2022
Jin Huang 0001,Zhejiang University,iclr,1.0,0.1,2025
Jin Huang 0001,Zhejiang University,kdd,1.0,0.11111,2023
Jin Huang 0001,Zhejiang University,siggraph,1.0,0.14286,2005
Jin Huang 0001,Zhejiang University,siggraph,1.0,0.11111,2006
Jin Huang 0001,Zhejiang University,siggraph,1.0,0.25,2010
Jin Huang 0001,Zhejiang University,siggraph,1.0,0.16667,2014
Jin Huang 0001,Zhejiang University,siggraph,2.0,0.36667,2015
Jin Huang 0001,Zhejiang University,siggraph,1.0,0.25,2016
Jin Huang 0001,Zhejiang University,siggraph,2.0,0.4,2018
Jin Huang 0001,Zhejiang University,siggraph,1.0,0.25,2021
Jin Huang 0001,Zhejiang University,siggraph,1.0,0.25,2022
Jin Huang 0001,Zhejiang University,siggraph-asia,1.0,0.16667,2008
Jin Huang 0001,Zhejiang University,siggraph-asia,1.0,0.25,2011
Jin Huang 0001,Zhejiang University,siggraph-asia,1.0,0.2,2013
Jin Huang 0001,Zhejiang University,siggraph-asia,1.0,0.33333,2015
Jin Huang 0001,Zhejiang University,siggraph-asia,1.0,0.16667,2019
Jin Huang 0001,Zhejiang University,siggraph-asia,1.0,0.25,2024
Jinfei Liu,Zhejiang University,ccs,2.0,0.325,2024
Jinfei Liu,Zhejiang University,icde,1.0,0.25,2017
Jinfei Liu,Zhejiang University,icde,1.0,0.2,2018
Jinfei Liu,Zhejiang University,icde,1.0,0.2,2021
Jinfei Liu,Zhejiang University,icde,2.0,0.24286,2023
Jinfei Liu,Zhejiang University,icde,3.0,0.56667,2024
Jinfei Liu,Zhejiang University,icde,3.0,0.53333,2025
Jinfei Liu,Zhejiang University,kdd,1.0,0.125,2023
Jinfei Liu,Zhejiang University,nips,1.0,0.14286,2023
Jinfei Liu,Zhejiang University,nips,1.0,0.33333,2024
Jinfei Liu,Zhejiang University,sigmod,1.0,0.16667,2023
Jinfei Liu,Zhejiang University,sigmod,1.0,0.16667,2024
Jinfei Liu,Zhejiang University,sigmod,3.0,0.56111,2025
Jinfei Liu,Zhejiang University,vldb,1.0,0.2,2015
Jinfei Liu,Zhejiang University,vldb,2.0,0.36667,2021
Jinfei Liu,Zhejiang University,vldb,1.0,0.14286,2023
Jinfei Liu,Zhejiang University,vldb,1.0,0.16667,2024
Jinfei Liu,Zhejiang University,www,1.0,0.125,2023
Jinsong Han,Zhejiang University,ccs,1.0,0.14286,2016
Jinsong Han,Zhejiang University,cvpr,1.0,0.16667,2024
Jinsong Han,Zhejiang University,cvpr,1.0,0.16667,2025
Jinsong Han,Zhejiang University,iccv,1.0,0.2,2019
Jinsong Han,Zhejiang University,mobicom,1.0,0.14286,2018
Jinsong Han,Zhejiang University,mobicom,1.0,0.14286,2020
Jinsong Han,Zhejiang University,mobicom,1.0,0.11111,2022
Jinsong Han,Zhejiang University,mobicom,3.0,0.53333,2023
Jinsong Han,Zhejiang University,mobisys,2.0,0.34286,2024
Jinsong Han,Zhejiang University,ndss,1.0,0.1,2022
Jinsong Han,Zhejiang University,ndss,1.0,0.2,2025
Jinsong Han,Zhejiang University,nsdi,1.0,0.125,2023
Jinsong Han,Zhejiang University,sensys,2.0,0.29167,2015
Jinsong Han,Zhejiang University,sensys,2.0,0.375,2021
Jinsong Han,Zhejiang University,sensys,1.0,0.14286,2022
Jinsong Han,Zhejiang University,sensys,1.0,0.16667,2024
Jinsong Han,Zhejiang University,ubicomp,2.0,0.28571,2016
Jinsong Han,Zhejiang University,ubicomp,1.0,0.14286,2018
Jinsong Han,Zhejiang University,ubicomp,2.0,0.53333,2024
Jinsong Han,Zhejiang University,ubicomp,2.0,0.29167,2025
Jinsong Han,Zhejiang University,usenixsec,1.0,0.14286,2025
Jinsong Han,Zhejiang University,vldb,1.0,0.14286,2015
Joan Feigenbaum,Yale University,cav,1.0,0.33333,1991
Joan Feigenbaum,Yale University,ccs,1.0,0.25,2014
Joan Feigenbaum,Yale University,crypto,1.0,1.0,1985
Joan Feigenbaum,Yale University,crypto,1.0,0.2,1988
Joan Feigenbaum,Yale University,crypto,2.0,0.58333,1990
Joan Feigenbaum,Yale University,ec,1.0,0.25,2003
Joan Feigenbaum,Yale University,ec,1.0,0.33333,2006
Joan Feigenbaum,Yale University,ec,1.0,0.33333,2010
Joan Feigenbaum,Yale University,eurocrypt,1.0,0.33333,1998
Joan Feigenbaum,Yale University,focs,1.0,0.25,1991
Joan Feigenbaum,Yale University,focs,1.0,0.25,1999
Joan Feigenbaum,Yale University,ndss,1.0,0.2,2017
Joan Feigenbaum,Yale University,oakland,1.0,0.33333,1996
Joan Feigenbaum,Yale University,oakland,1.0,0.33333,2000
Joan Feigenbaum,Yale University,pets,1.0,0.33333,2010
Joan Feigenbaum,Yale University,pets,1.0,0.2,2015
Joan Feigenbaum,Yale University,pets,1.0,0.125,2020
Joan Feigenbaum,Yale University,soda,1.0,0.25,2000
Joan Feigenbaum,Yale University,soda,1.0,0.2,2005
Joan Feigenbaum,Yale University,stoc,1.0,0.33333,1987
Joan Feigenbaum,Yale University,stoc,1.0,0.25,1993
Joan Feigenbaum,Yale University,stoc,1.0,0.33333,2000
Joan Feigenbaum,Yale University,wine,1.0,0.25,2005
Joan Feigenbaum,Yale University,wine,1.0,0.33333,2012
John D. Lafferty,Yale University,aaai,1.0,0.5,2019
John D. Lafferty,Yale University,acl,1.0,0.33333,1992
John D. Lafferty,Yale University,acl,1.0,0.16667,1993
John D. Lafferty,Yale University,acl,1.0,0.33333,1997
John D. Lafferty,Yale University,acl,1.0,0.33333,2007
John D. Lafferty,Yale University,asplos,1.0,0.25,2015
John D. Lafferty,Yale University,asplos,1.0,0.25,2018
John D. Lafferty,Yale University,cvpr,1.0,0.33333,2011
John D. Lafferty,Yale University,eccv,1.0,0.33333,2002
John D. Lafferty,Yale University,emnlp,1.0,0.33333,1997
John D. Lafferty,Yale University,iclr,1.0,0.25,2024
John D. Lafferty,Yale University,icml,1.0,0.33333,2001
John D. Lafferty,Yale University,icml,2.0,1.0,2002
John D. Lafferty,Yale University,icml,1.0,0.33333,2003
John D. Lafferty,Yale University,icml,3.0,1.0833,2004
John D. Lafferty,Yale University,icml,1.0,0.5,2005
John D. Lafferty,Yale University,icml,2.0,1.0,2006
John D. Lafferty,Yale University,icml,1.0,0.25,2009
John D. Lafferty,Yale University,icml,4.0,1.5333,2012
John D. Lafferty,Yale University,icml,2.0,0.75,2013
John D. Lafferty,Yale University,icml,2.0,0.75,2018
John D. Lafferty,Yale University,icml,1.0,0.5,2025
John D. Lafferty,Yale University,iros,1.0,0.33333,2007
John D. Lafferty,Yale University,kdd,1.0,0.25,2007
John D. Lafferty,Yale University,nips,1.0,0.5,2001
John D. Lafferty,Yale University,nips,2.0,1.0,2002
John D. Lafferty,Yale University,nips,1.0,0.25,2004
John D. Lafferty,Yale University,nips,3.0,1.5,2005
John D. Lafferty,Yale University,nips,1.0,0.33333,2006
John D. Lafferty,Yale University,nips,3.0,1.0833,2007
John D. Lafferty,Yale University,nips,1.0,0.33333,2008
John D. Lafferty,Yale University,nips,1.0,0.25,2010
John D. Lafferty,Yale University,nips,2.0,0.58333,2012
John D. Lafferty,Yale University,nips,2.0,1.0,2014
John D. Lafferty,Yale University,nips,1.0,0.5,2015
John D. Lafferty,Yale University,nips,2.0,0.5,2016
John D. Lafferty,Yale University,nips,1.0,0.33333,2019
John D. Lafferty,Yale University,nips,1.0,0.33333,2021
John D. Lafferty,Yale University,sigir,1.0,0.5,1999
John D. Lafferty,Yale University,sigir,2.0,1.0,2001
John D. Lafferty,Yale University,sigir,1.0,0.5,2002
John D. Lafferty,Yale University,sigir,1.0,0.33333,2003
John D. Lafferty,Yale University,sigir,1.0,0.25,2009
John D. Lafferty,Yale University,stoc,1.0,0.5,1997
Julie Dorsey,Yale University,chiconf,1.0,0.25,2021
Julie Dorsey,Yale University,chiconf,1.0,0.25,2023
Julie Dorsey,Yale University,cvpr,1.0,0.16667,2025
Julie Dorsey,Yale University,eurographics,1.0,0.25,1999
Julie Dorsey,Yale University,eurographics,2.0,0.66667,2009
Julie Dorsey,Yale University,eurographics,1.0,0.25,2010
Julie Dorsey,Yale University,eurographics,2.0,0.66667,2011
Julie Dorsey,Yale University,eurographics,1.0,0.25,2013
Julie Dorsey,Yale University,eurographics,1.0,0.25,2016
Julie Dorsey,Yale University,iros,1.0,0.1,2024
Julie Dorsey,Yale University,siggraph,1.0,0.33333,1991
Julie Dorsey,Yale University,siggraph,2.0,0.83333,1996
Julie Dorsey,Yale University,siggraph,1.0,0.2,1999
Julie Dorsey,Yale University,siggraph,1.0,0.25,2000
Julie Dorsey,Yale University,siggraph,3.0,0.75,2001
Julie Dorsey,Yale University,siggraph,2.0,0.7,2002
Julie Dorsey,Yale University,siggraph,1.0,0.25,2003
Julie Dorsey,Yale University,siggraph,1.0,0.33333,2004
Julie Dorsey,Yale University,siggraph,1.0,0.16667,2005
Julie Dorsey,Yale University,siggraph,2.0,0.39286,2012
Julie Dorsey,Yale University,siggraph,2.0,0.36667,2016
Julie Dorsey,Yale University,siggraph,1.0,0.16667,2021
Julie Dorsey,Yale University,siggraph-asia,2.0,0.5,2011
Julie Dorsey,Yale University,siggraph-asia,1.0,0.33333,2013
Julie Dorsey,Yale University,siggraph-asia,1.0,0.33333,2019
Julie Dorsey,Yale University,uist,1.0,0.25,2014
Jun Xiao 0001,Zhejiang University,aaai,1.0,0.2,2015
Jun Xiao 0001,Zhejiang University,aaai,1.0,0.14286,2020
Jun Xiao 0001,Zhejiang University,aaai,3.0,0.50952,2021
Jun Xiao 0001,Zhejiang University,aaai,2.0,0.30952,2024
Jun Xiao 0001,Zhejiang University,cvpr,1.0,0.25,2008
Jun Xiao 0001,Zhejiang University,cvpr,1.0,0.14286,2017
Jun Xiao 0001,Zhejiang University,cvpr,1.0,0.2,2018
Jun Xiao 0001,Zhejiang University,cvpr,1.0,0.16667,2019
Jun Xiao 0001,Zhejiang University,cvpr,1.0,0.16667,2020
Jun Xiao 0001,Zhejiang University,cvpr,1.0,0.25,2021
Jun Xiao 0001,Zhejiang University,cvpr,2.0,0.36667,2022
Jun Xiao 0001,Zhejiang University,cvpr,1.0,0.14286,2023
Jun Xiao 0001,Zhejiang University,cvpr,1.0,0.125,2024
Jun Xiao 0001,Zhejiang University,cvpr,3.0,0.47778,2025
Jun Xiao 0001,Zhejiang University,eccv,2.0,0.47619,2022
Jun Xiao 0001,Zhejiang University,eccv,1.0,0.2,2024
Jun Xiao 0001,Zhejiang University,emnlp,2.0,0.36667,2019
Jun Xiao 0001,Zhejiang University,emnlp,1.0,0.11111,2020
Jun Xiao 0001,Zhejiang University,emnlp,1.0,0.2,2021
Jun Xiao 0001,Zhejiang University,emnlp,1.0,0.14286,2022
Jun Xiao 0001,Zhejiang University,iccv,1.0,0.16667,2019
Jun Xiao 0001,Zhejiang University,iccv,1.0,0.16667,2023
Jun Xiao 0001,Zhejiang University,iclr,3.0,0.7,2023
Jun Xiao 0001,Zhejiang University,icml,1.0,0.125,2022
Jun Xiao 0001,Zhejiang University,icml,4.0,0.55833,2025
Jun Xiao 0001,Zhejiang University,ijcai,2.0,0.28571,2016
Jun Xiao 0001,Zhejiang University,ijcai,1.0,0.16667,2017
Jun Xiao 0001,Zhejiang University,ijcai,2.0,0.29167,2018
Jun Xiao 0001,Zhejiang University,ijcai,1.0,0.16667,2019
Jun Xiao 0001,Zhejiang University,ijcai,1.0,0.16667,2020
Jun Xiao 0001,Zhejiang University,kdd,1.0,0.14286,2021
Jun Xiao 0001,Zhejiang University,nips,1.0,0.125,2022
Jun Xiao 0001,Zhejiang University,nips,2.0,0.30952,2023
Jun Xiao 0001,Zhejiang University,nips,1.0,0.16667,2024
Jun Xiao 0001,Zhejiang University,sigir,1.0,0.16667,2019
Jun Xiao 0001,Zhejiang University,sigir,1.0,0.16667,2020
Kai Bu,Zhejiang University,cvpr,1.0,0.16667,2022
Kai Bu,Zhejiang University,hpca,1.0,0.25,2022
Kai Bu,Zhejiang University,micro,1.0,0.2,2022
Kai Bu,Zhejiang University,ndss,1.0,0.25,2020
Kai Bu,Zhejiang University,ndss,1.0,0.16667,2024
Kai Bu,Zhejiang University,ndss,1.0,0.1,2025
Katerina Sotiraki,Yale University,crypto,1.0,0.33333,2021
Katerina Sotiraki,Yale University,crypto,1.0,0.33333,2023
Katerina Sotiraki,Yale University,ec,1.0,0.25,2020
Katerina Sotiraki,Yale University,eurocrypt,1.0,0.25,2025
Katerina Sotiraki,Yale University,focs,1.0,0.33333,2018
Katerina Sotiraki,Yale University,nips,1.0,0.16667,2024
Katerina Sotiraki,Yale University,soda,1.0,0.25,2021
Katerina Sotiraki,Yale University,usenixsec,1.0,0.2,2023
Ke Chen 0005,Zhejiang University,aaai,1.0,0.16667,2020
Ke Chen 0005,Zhejiang University,aaai,1.0,0.2,2021
Ke Chen 0005,Zhejiang University,aaai,1.0,0.2,2023
Ke Chen 0005,Zhejiang University,aaai,2.0,0.5,2024
Ke Chen 0005,Zhejiang University,aaai,1.0,0.16667,2025
Ke Chen 0005,Zhejiang University,acl,1.0,0.25,2020
Ke Chen 0005,Zhejiang University,acl,1.0,0.2,2022
Ke Chen 0005,Zhejiang University,acl,1.0,0.14286,2024
Ke Chen 0005,Zhejiang University,fse,1.0,0.16667,2021
Ke Chen 0005,Zhejiang University,icde,1.0,0.25,2009
Ke Chen 0005,Zhejiang University,icde,2.0,0.41667,2024
Ke Chen 0005,Zhejiang University,icde,1.0,0.2,2025
Ke Chen 0005,Zhejiang University,iclr,1.0,0.11111,2025
Ke Chen 0005,Zhejiang University,icml,1.0,0.125,2025
Ke Chen 0005,Zhejiang University,ijcai,1.0,0.16667,2020
Ke Chen 0005,Zhejiang University,ijcai,1.0,0.2,2022
Ke Chen 0005,Zhejiang University,ijcai,2.0,0.375,2023
Ke Chen 0005,Zhejiang University,kdd,1.0,0.25,2021
Ke Chen 0005,Zhejiang University,kdd,2.0,0.39286,2024
Ke Chen 0005,Zhejiang University,sigir,1.0,0.2,2011
Ke Chen 0005,Zhejiang University,sigir,1.0,0.25,2012
Ke Chen 0005,Zhejiang University,sigir,2.0,0.41667,2013
Ke Chen 0005,Zhejiang University,sigir,1.0,0.2,2014
Ke Chen 0005,Zhejiang University,sigir,1.0,0.2,2025
Ke Chen 0005,Zhejiang University,sigmod,1.0,0.16667,2025
Ke Chen 0005,Zhejiang University,vldb,1.0,0.16667,2014
Ke Chen 0005,Zhejiang University,vldb,1.0,0.2,2019
Ke Chen 0005,Zhejiang University,vldb,1.0,0.14286,2025
Kejun Zhang,Zhejiang University,aaai,1.0,0.16667,2021
Kejun Zhang,Zhejiang University,aaai,1.0,0.14286,2025
Kejun Zhang,Zhejiang University,chiconf,1.0,0.25,2025
Kejun Zhang,Zhejiang University,emnlp,1.0,0.1,2022
Kejun Zhang,Zhejiang University,icra,1.0,0.5,2005
Kejun Zhang,Zhejiang University,ijcai,1.0,0.11111,2024
Kejun Zhang,Zhejiang University,ijcai,1.0,0.14286,2025
Kejun Zhang,Zhejiang University,nips,1.0,0.11111,2024
Kui Ren 0001,Zhejiang University,aaai,1.0,0.33333,2019
Kui Ren 0001,Zhejiang University,aaai,1.0,0.125,2023
Kui Ren 0001,Zhejiang University,aaai,1.0,0.14286,2024
Kui Ren 0001,Zhejiang University,aaai,1.0,0.11111,2025
Kui Ren 0001,Zhejiang University,ase,1.0,0.1,2021
Kui Ren 0001,Zhejiang University,ase,1.0,0.16667,2023
Kui Ren 0001,Zhejiang University,asplos,1.0,0.125,2022
Kui Ren 0001,Zhejiang University,asplos,1.0,0.16667,2023
Kui Ren 0001,Zhejiang University,ccs,1.0,0.16667,2014
Kui Ren 0001,Zhejiang University,ccs,1.0,0.14286,2015
Kui Ren 0001,Zhejiang University,ccs,2.0,0.33333,2016
Kui Ren 0001,Zhejiang University,ccs,1.0,0.16667,2017
Kui Ren 0001,Zhejiang University,ccs,1.0,0.16667,2019
Kui Ren 0001,Zhejiang University,ccs,2.0,0.20202,2021
Kui Ren 0001,Zhejiang University,ccs,2.0,0.375,2023
Kui Ren 0001,Zhejiang University,ccs,5.0,0.67063,2024
Kui Ren 0001,Zhejiang University,ccs,1.0,0.2,2025
Kui Ren 0001,Zhejiang University,cvpr,1.0,0.14286,2022
Kui Ren 0001,Zhejiang University,cvpr,3.0,0.38571,2023
Kui Ren 0001,Zhejiang University,cvpr,1.0,0.25,2024
Kui Ren 0001,Zhejiang University,cvpr,2.0,0.30952,2025
Kui Ren 0001,Zhejiang University,dac,1.0,0.14286,2020
Kui Ren 0001,Zhejiang University,dac,3.0,0.43452,2022
Kui Ren 0001,Zhejiang University,dac,1.0,0.16667,2023
Kui Ren 0001,Zhejiang University,dac,1.0,0.33333,2024
Kui Ren 0001,Zhejiang University,dac,1.0,0.16667,2025
Kui Ren 0001,Zhejiang University,eurocrypt,1.0,0.25,2023
Kui Ren 0001,Zhejiang University,eurosys,1.0,0.16667,2022
Kui Ren 0001,Zhejiang University,eurosys,1.0,0.076923,2025
Kui Ren 0001,Zhejiang University,fse,3.0,0.3373,2025
Kui Ren 0001,Zhejiang University,iccv,1.0,0.2,2019
Kui Ren 0001,Zhejiang University,iccv,1.0,0.16667,2021
Kui Ren 0001,Zhejiang University,iccv,2.0,0.26786,2023
Kui Ren 0001,Zhejiang University,icde,2.0,0.24286,2023
Kui Ren 0001,Zhejiang University,icde,3.0,0.56667,2024
Kui Ren 0001,Zhejiang University,icde,1.0,0.2,2025
Kui Ren 0001,Zhejiang University,iclr,1.0,0.2,2022
Kui Ren 0001,Zhejiang University,iclr,1.0,0.2,2024
Kui Ren 0001,Zhejiang University,iclr,2.0,0.25397,2025
Kui Ren 0001,Zhejiang University,icml,1.0,0.16667,2025
Kui Ren 0001,Zhejiang University,icse,3.0,0.575,2024
Kui Ren 0001,Zhejiang University,ijcai,1.0,0.14286,2019
Kui Ren 0001,Zhejiang University,ijcai,1.0,0.125,2023
Kui Ren 0001,Zhejiang University,issta,1.0,0.16667,2020
Kui Ren 0001,Zhejiang University,kdd,1.0,0.125,2018
Kui Ren 0001,Zhejiang University,kdd,1.0,0.125,2023
Kui Ren 0001,Zhejiang University,mobicom,1.0,0.16667,2016
Kui Ren 0001,Zhejiang University,mobicom,1.0,0.16667,2017
Kui Ren 0001,Zhejiang University,mobicom,1.0,0.14286,2020
Kui Ren 0001,Zhejiang University,mobicom,2.0,0.22222,2022
Kui Ren 0001,Zhejiang University,mobicom,2.0,0.33333,2023
Kui Ren 0001,Zhejiang University,mobisys,1.0,0.125,2020
Kui Ren 0001,Zhejiang University,mobisys,1.0,0.14286,2025
Kui Ren 0001,Zhejiang University,ndss,2.0,0.39286,2013
Kui Ren 0001,Zhejiang University,ndss,1.0,0.16667,2018
Kui Ren 0001,Zhejiang University,ndss,2.0,0.39286,2020
Kui Ren 0001,Zhejiang University,ndss,2.0,0.21111,2022
Kui Ren 0001,Zhejiang University,ndss,2.0,0.225,2023
Kui Ren 0001,Zhejiang University,ndss,2.0,0.36667,2024
Kui Ren 0001,Zhejiang University,ndss,6.0,0.87063,2025
Kui Ren 0001,Zhejiang University,nips,2.0,0.39286,2023
Kui Ren 0001,Zhejiang University,nsdi,1.0,0.11111,2023
Kui Ren 0001,Zhejiang University,oakland,1.0,0.16667,2022
Kui Ren 0001,Zhejiang University,oakland,2.0,0.25,2023
Kui Ren 0001,Zhejiang University,oakland,4.0,0.76786,2024
Kui Ren 0001,Zhejiang University,oakland,1.0,0.125,2025
Kui Ren 0001,Zhejiang University,pets,1.0,0.2,2012
Kui Ren 0001,Zhejiang University,sensys,2.0,0.31111,2015
Kui Ren 0001,Zhejiang University,sensys,1.0,0.090909,2020
Kui Ren 0001,Zhejiang University,sensys,2.0,0.375,2021
Kui Ren 0001,Zhejiang University,sensys,2.0,0.25397,2022
Kui Ren 0001,Zhejiang University,sensys,2.0,0.26786,2023
Kui Ren 0001,Zhejiang University,sensys,1.0,0.14286,2024
Kui Ren 0001,Zhejiang University,sigcomm,1.0,0.1,2024
Kui Ren 0001,Zhejiang University,sigmod,1.0,0.16667,2023
Kui Ren 0001,Zhejiang University,sigmod,1.0,0.14286,2024
Kui Ren 0001,Zhejiang University,sigmod,2.0,0.36111,2025
Kui Ren 0001,Zhejiang University,ubicomp,2.0,0.30952,2018
Kui Ren 0001,Zhejiang University,ubicomp,3.0,0.39167,2022
Kui Ren 0001,Zhejiang University,ubicomp,2.0,0.27778,2023
Kui Ren 0001,Zhejiang University,uist,1.0,0.11111,2023
Kui Ren 0001,Zhejiang University,usenixsec,1.0,0.14286,2022
Kui Ren 0001,Zhejiang University,usenixsec,1.0,0.125,2023
Kui Ren 0001,Zhejiang University,usenixsec,6.0,0.95758,2024
Kui Ren 0001,Zhejiang University,usenixsec,7.0,0.85794,2025
Kui Ren 0001,Zhejiang University,vldb,1.0,0.25,2021
Kui Ren 0001,Zhejiang University,vldb,1.0,0.125,2022
Kui Ren 0001,Zhejiang University,vldb,2.0,0.34286,2023
Kui Ren 0001,Zhejiang University,vldb,3.0,0.40278,2024
Kui Ren 0001,Zhejiang University,www,1.0,0.125,2021
Kui Ren 0001,Zhejiang University,www,1.0,0.16667,2025
Kun Zhou 0001,Zhejiang University,aaai,3.0,0.45833,2021
Kun Zhou 0001,Zhejiang University,aaai,3.0,0.56667,2022
Kun Zhou 0001,Zhejiang University,aaai,2.0,0.5,2025
Kun Zhou 0001,Zhejiang University,cvpr,1.0,0.2,2013
Kun Zhou 0001,Zhejiang University,cvpr,1.0,0.33333,2015
Kun Zhou 0001,Zhejiang University,cvpr,2.0,0.5,2017
Kun Zhou 0001,Zhejiang University,cvpr,1.0,0.25,2020
Kun Zhou 0001,Zhejiang University,cvpr,2.0,0.34286,2021
Kun Zhou 0001,Zhejiang University,cvpr,3.0,0.53333,2022
Kun Zhou 0001,Zhejiang University,cvpr,3.0,0.53571,2023
Kun Zhou 0001,Zhejiang University,cvpr,3.0,0.40278,2024
Kun Zhou 0001,Zhejiang University,cvpr,8.0,1.5854,2025
Kun Zhou 0001,Zhejiang University,eccv,1.0,0.33333,2014
Kun Zhou 0001,Zhejiang University,eccv,2.0,0.325,2024
Kun Zhou 0001,Zhejiang University,eurographics,1.0,0.25,2008
Kun Zhou 0001,Zhejiang University,eurographics,1.0,0.2,2009
Kun Zhou 0001,Zhejiang University,eurographics,2.0,0.5,2010
Kun Zhou 0001,Zhejiang University,eurographics,1.0,0.16667,2011
Kun Zhou 0001,Zhejiang University,eurographics,1.0,0.25,2012
Kun Zhou 0001,Zhejiang University,eurographics,2.0,0.4,2013
Kun Zhou 0001,Zhejiang University,eurographics,2.0,0.29167,2014
Kun Zhou 0001,Zhejiang University,eurographics,1.0,0.5,2015
Kun Zhou 0001,Zhejiang University,eurographics,2.0,0.33333,2017
Kun Zhou 0001,Zhejiang University,iccv,1.0,0.2,2019
Kun Zhou 0001,Zhejiang University,iccv,2.0,0.34286,2021
Kun Zhou 0001,Zhejiang University,iclr,1.0,0.2,2024
Kun Zhou 0001,Zhejiang University,ijcai,1.0,0.2,2007
Kun Zhou 0001,Zhejiang University,ijcai,1.0,0.2,2021
Kun Zhou 0001,Zhejiang University,ijcai,1.0,0.16667,2022
Kun Zhou 0001,Zhejiang University,ijcai,1.0,0.14286,2025
Kun Zhou 0001,Zhejiang University,nips,1.0,0.16667,2020
Kun Zhou 0001,Zhejiang University,nips,1.0,0.25,2022
Kun Zhou 0001,Zhejiang University,nips,1.0,0.2,2024
Kun Zhou 0001,Zhejiang University,siggraph,1.0,0.2,2003
Kun Zhou 0001,Zhejiang University,siggraph,1.0,0.14286,2004
Kun Zhou 0001,Zhejiang University,siggraph,3.0,0.50952,2005
Kun Zhou 0001,Zhejiang University,siggraph,3.0,0.35397,2006
Kun Zhou 0001,Zhejiang University,siggraph,4.0,0.7,2007
Kun Zhou 0001,Zhejiang University,siggraph,5.0,1.0333,2008
Kun Zhou 0001,Zhejiang University,siggraph,3.0,0.59286,2009
Kun Zhou 0001,Zhejiang University,siggraph,4.0,0.9,2010
Kun Zhou 0001,Zhejiang University,siggraph,2.0,0.33333,2012
Kun Zhou 0001,Zhejiang University,siggraph,4.0,0.75952,2013
Kun Zhou 0001,Zhejiang University,siggraph,3.0,0.91667,2014
Kun Zhou 0001,Zhejiang University,siggraph,1.0,0.25,2015
Kun Zhou 0001,Zhejiang University,siggraph,3.0,0.6,2016
Kun Zhou 0001,Zhejiang University,siggraph,1.0,0.2,2017
Kun Zhou 0001,Zhejiang University,siggraph,1.0,0.2,2018
Kun Zhou 0001,Zhejiang University,siggraph,1.0,0.16667,2019
Kun Zhou 0001,Zhejiang University,siggraph,2.0,0.34286,2021
Kun Zhou 0001,Zhejiang University,siggraph,1.0,0.11111,2022
Kun Zhou 0001,Zhejiang University,siggraph,1.0,0.2,2023
Kun Zhou 0001,Zhejiang University,siggraph,1.0,0.2,2024
Kun Zhou 0001,Zhejiang University,siggraph,2.0,0.34286,2025
Kun Zhou 0001,Zhejiang University,siggraph-asia,1.0,0.25,2008
Kun Zhou 0001,Zhejiang University,siggraph-asia,4.0,1.0833,2009
Kun Zhou 0001,Zhejiang University,siggraph-asia,2.0,0.75,2011
Kun Zhou 0001,Zhejiang University,siggraph-asia,1.0,0.16667,2012
Kun Zhou 0001,Zhejiang University,siggraph-asia,1.0,0.16667,2013
Kun Zhou 0001,Zhejiang University,siggraph-asia,1.0,0.14286,2014
Kun Zhou 0001,Zhejiang University,siggraph-asia,2.0,0.36667,2015
Kun Zhou 0001,Zhejiang University,siggraph-asia,4.0,0.9,2016
Kun Zhou 0001,Zhejiang University,siggraph-asia,1.0,0.2,2017
Kun Zhou 0001,Zhejiang University,siggraph-asia,2.0,0.36667,2018
Kun Zhou 0001,Zhejiang University,siggraph-asia,2.0,0.375,2019
Kun Zhou 0001,Zhejiang University,siggraph-asia,1.0,0.14286,2020
Kun Zhou 0001,Zhejiang University,siggraph-asia,1.0,0.1,2021
Kun Zhou 0001,Zhejiang University,siggraph-asia,2.0,0.53333,2022
Kun Zhou 0001,Zhejiang University,siggraph-asia,3.0,0.45758,2023
Kun Zhou 0001,Zhejiang University,siggraph-asia,2.0,0.28571,2024
Kun Zhou 0001,Zhejiang University,sigir,1.0,0.25,2007
Kun Zhou 0001,Zhejiang University,vis,1.0,0.125,2014
Kun Zhou 0001,Zhejiang University,vis,1.0,0.125,2021
Kun Zhou 0001,Zhejiang University,vr,1.0,0.2,2007
Leandros Tassiulas,Yale University,aaai,1.0,0.25,2022
Leandros Tassiulas,Yale University,aaai,1.0,0.125,2025
Leandros Tassiulas,Yale University,mobicom,1.0,0.5,1998
Leandros Tassiulas,Yale University,mobicom,1.0,0.5,2003
Leandros Tassiulas,Yale University,mobicom,1.0,0.25,2024
Leandros Tassiulas,Yale University,nips,1.0,0.125,2024
Leandros Tassiulas,Yale University,sigcomm,1.0,0.090909,2021
Leandros Tassiulas,Yale University,sigmetrics,1.0,0.5,1999
Leandros Tassiulas,Yale University,sigmetrics,1.0,0.33333,2015
Leandros Tassiulas,Yale University,sigmetrics,1.0,0.1,2019
Leandros Tassiulas,Yale University,ubicomp,1.0,0.2,2025
Lei Wu 0012,Zhejiang University,ase,1.0,0.1,2021
Lei Wu 0012,Zhejiang University,asplos,1.0,0.125,2022
Lei Wu 0012,Zhejiang University,ccs,1.0,0.2,2013
Lei Wu 0012,Zhejiang University,ccs,1.0,0.11111,2021
Lei Wu 0012,Zhejiang University,ccs,1.0,0.11111,2023
Lei Wu 0012,Zhejiang University,ccs,1.0,0.25,2024
Lei Wu 0012,Zhejiang University,dac,1.0,0.125,2022
Lei Wu 0012,Zhejiang University,eurosys,1.0,0.25,2025
Lei Wu 0012,Zhejiang University,issta,1.0,0.16667,2022
Lei Wu 0012,Zhejiang University,issta,1.0,0.1,2023
Lei Wu 0012,Zhejiang University,ndss,1.0,0.16667,2025
Lei Wu 0012,Zhejiang University,oakland,1.0,0.125,2023
Lei Wu 0012,Zhejiang University,sigmetrics,1.0,0.11111,2020
Lei Wu 0012,Zhejiang University,sigmetrics,1.0,0.14286,2021
Lei Wu 0012,Zhejiang University,sigmetrics,2.0,0.34286,2024
Lei Wu 0012,Zhejiang University,sigmetrics,2.0,0.30952,2025
Lei Wu 0012,Zhejiang University,usenixatc,1.0,0.14286,2024
Lei Wu 0012,Zhejiang University,usenixsec,1.0,0.125,2021
Lei Wu 0012,Zhejiang University,www,1.0,0.11111,2020
Lei Wu 0012,Zhejiang University,www,1.0,0.125,2021
Lei Wu 0012,Zhejiang University,www,1.0,0.1,2024
Li Lu 0008,Zhejiang University,aaai,1.0,0.14286,2024
Li Lu 0008,Zhejiang University,ccs,1.0,0.125,2023
Li Lu 0008,Zhejiang University,dac,1.0,0.16667,2025
Li Lu 0008,Zhejiang University,mobisys,1.0,0.14286,2025
Li Lu 0008,Zhejiang University,ndss,1.0,0.125,2023
Li Lu 0008,Zhejiang University,oakland,1.0,0.125,2023
Li Lu 0008,Zhejiang University,oakland,1.0,0.125,2024
Li Lu 0008,Zhejiang University,oakland,1.0,0.125,2025
Li Lu 0008,Zhejiang University,sensys,1.0,0.16667,2020
Li Lu 0008,Zhejiang University,sensys,1.0,0.11111,2022
Li Lu 0008,Zhejiang University,sensys,1.0,0.125,2023
Li Lu 0008,Zhejiang University,sensys,1.0,0.14286,2024
Li Lu 0008,Zhejiang University,ubicomp,1.0,0.16667,2019
Li Lu 0008,Zhejiang University,ubicomp,1.0,0.25,2020
Li Lu 0008,Zhejiang University,ubicomp,1.0,0.125,2022
Li Lu 0008,Zhejiang University,ubicomp,2.0,0.27778,2023
Li Lu 0008,Zhejiang University,usenixsec,3.0,0.5,2024
Li Lu 0008,Zhejiang University,www,1.0,0.14286,2023
Lidan Shou,Zhejiang University,aaai,1.0,0.2,2021
Lidan Shou,Zhejiang University,aaai,1.0,0.2,2023
Lidan Shou,Zhejiang University,aaai,2.0,0.5,2024
Lidan Shou,Zhejiang University,aaai,1.0,0.16667,2025
Lidan Shou,Zhejiang University,acl,1.0,0.25,2020
Lidan Shou,Zhejiang University,acl,1.0,0.2,2022
Lidan Shou,Zhejiang University,acl,1.0,0.14286,2024
Lidan Shou,Zhejiang University,icde,1.0,0.33333,2003
Lidan Shou,Zhejiang University,icde,1.0,0.25,2013
Lidan Shou,Zhejiang University,icde,2.0,0.36667,2020
Lidan Shou,Zhejiang University,icde,2.0,0.41667,2024
Lidan Shou,Zhejiang University,icde,1.0,0.2,2025
Lidan Shou,Zhejiang University,iclr,1.0,0.11111,2025
Lidan Shou,Zhejiang University,icml,1.0,0.125,2025
Lidan Shou,Zhejiang University,ijcai,1.0,0.2,2022
Lidan Shou,Zhejiang University,ijcai,1.0,0.25,2023
Lidan Shou,Zhejiang University,kdd,1.0,0.25,2021
Lidan Shou,Zhejiang University,kdd,2.0,0.39286,2024
Lidan Shou,Zhejiang University,sc,1.0,0.1,2024
Lidan Shou,Zhejiang University,sigir,1.0,0.2,2011
Lidan Shou,Zhejiang University,sigir,1.0,0.25,2012
Lidan Shou,Zhejiang University,sigir,2.0,0.41667,2013
Lidan Shou,Zhejiang University,sigir,1.0,0.2,2014
Lidan Shou,Zhejiang University,sigir,1.0,0.2,2025
Lidan Shou,Zhejiang University,sigmod,1.0,0.16667,2025
Lidan Shou,Zhejiang University,vldb,1.0,0.2,2001
Lidan Shou,Zhejiang University,vldb,2.0,0.36667,2014
Lidan Shou,Zhejiang University,vldb,1.0,0.2,2019
Lidan Shou,Zhejiang University,vldb,1.0,0.2,2021
Lidan Shou,Zhejiang University,vldb,1.0,0.14286,2025
Lin Chen 0009,Zhejiang University,aaai,1.0,0.2,2019
Lin Chen 0009,Zhejiang University,focs,1.0,0.25,2024
Lin Chen 0009,Zhejiang University,ijcai,1.0,0.2,2019
Lin Chen 0009,Zhejiang University,ijcai,1.0,0.25,2022
Lin Chen 0009,Zhejiang University,soda,1.0,0.33333,2014
Lin Chen 0009,Zhejiang University,soda,1.0,0.33333,2016
Lin Chen 0009,Zhejiang University,soda,1.0,0.5,2018
Lin Chen 0009,Zhejiang University,soda,1.0,0.33333,2022
Lin Chen 0009,Zhejiang University,soda,1.0,0.25,2024
Lin Chen 0009,Zhejiang University,stoc,2.0,0.5,2024
Lin Chen 0009,Zhejiang University,stoc,1.0,0.33333,2025
Lin Zhong 0001,Yale University,asplos,1.0,0.25,2012
Lin Zhong 0001,Yale University,asplos,2.0,0.58333,2014
Lin Zhong 0001,Yale University,asplos,1.0,0.25,2015
Lin Zhong 0001,Yale University,asplos,1.0,0.33333,2025
Lin Zhong 0001,Yale University,chiconf,1.0,0.2,2012
Lin Zhong 0001,Yale University,dac,1.0,0.33333,2006
Lin Zhong 0001,Yale University,dac,1.0,0.33333,2009
Lin Zhong 0001,Yale University,eurosys,1.0,0.33333,2017
Lin Zhong 0001,Yale University,iccad,1.0,0.5,2002
Lin Zhong 0001,Yale University,iccad,1.0,0.33333,2003
Lin Zhong 0001,Yale University,iccad,1.0,0.25,2004
Lin Zhong 0001,Yale University,isca,1.0,0.2,2016
Lin Zhong 0001,Yale University,mobicom,1.0,0.33333,2010
Lin Zhong 0001,Yale University,mobicom,1.0,0.25,2011
Lin Zhong 0001,Yale University,mobicom,1.0,0.14286,2012
Lin Zhong 0001,Yale University,mobicom,2.0,0.66667,2014
Lin Zhong 0001,Yale University,mobicom,1.0,0.33333,2015
Lin Zhong 0001,Yale University,mobisys,1.0,0.5,2005
Lin Zhong 0001,Yale University,mobisys,1.0,0.5,2007
Lin Zhong 0001,Yale University,mobisys,1.0,0.5,2008
Lin Zhong 0001,Yale University,mobisys,1.0,0.14286,2009
Lin Zhong 0001,Yale University,mobisys,2.0,1.0,2011
Lin Zhong 0001,Yale University,mobisys,2.0,0.45,2013
Lin Zhong 0001,Yale University,mobisys,1.0,0.25,2014
Lin Zhong 0001,Yale University,mobisys,1.0,0.5,2015
Lin Zhong 0001,Yale University,mobisys,1.0,0.25,2025
Lin Zhong 0001,Yale University,ndss,1.0,0.5,2019
Lin Zhong 0001,Yale University,ndss,1.0,0.33333,2025
Lin Zhong 0001,Yale University,osdi,1.0,0.25,2020
Lin Zhong 0001,Yale University,sosp,1.0,0.16667,2021
Lin Zhong 0001,Yale University,sosp,1.0,0.25,2025
Lin Zhong 0001,Yale University,ubicomp,1.0,0.2,2007
Lin Zhong 0001,Yale University,ubicomp,1.0,0.16667,2011
Lin Zhong 0001,Yale University,www,1.0,0.25,2012
Lin Zhong 0001,Yale University,www,1.0,0.33333,2017
Linchao Zhu,Zhejiang University,aaai,1.0,0.33333,2019
Linchao Zhu,Zhejiang University,aaai,2.0,0.41667,2020
Linchao Zhu,Zhejiang University,aaai,2.0,0.41667,2024
Linchao Zhu,Zhejiang University,aaai,1.0,0.11111,2025
Linchao Zhu,Zhejiang University,acl,2.0,0.36667,2023
Linchao Zhu,Zhejiang University,cvpr,2.0,0.66667,2017
Linchao Zhu,Zhejiang University,cvpr,1.0,0.33333,2019
Linchao Zhu,Zhejiang University,cvpr,5.0,1.6667,2020
Linchao Zhu,Zhejiang University,cvpr,3.0,0.75,2021
Linchao Zhu,Zhejiang University,cvpr,5.0,1.004,2022
Linchao Zhu,Zhejiang University,cvpr,3.0,0.66667,2023
Linchao Zhu,Zhejiang University,cvpr,2.0,0.45,2024
Linchao Zhu,Zhejiang University,eccv,1.0,0.5,2018
Linchao Zhu,Zhejiang University,eccv,3.0,0.64286,2020
Linchao Zhu,Zhejiang University,iccv,3.0,0.7,2019
Linchao Zhu,Zhejiang University,iccv,5.0,0.99167,2021
Linchao Zhu,Zhejiang University,iccv,1.0,0.25,2023
Linchao Zhu,Zhejiang University,iclr,1.0,0.25,2023
Linchao Zhu,Zhejiang University,iclr,1.0,0.25,2024
Linchao Zhu,Zhejiang University,iclr,2.0,0.45,2025
Linchao Zhu,Zhejiang University,icml,1.0,0.33333,2025
Linchao Zhu,Zhejiang University,ijcai,1.0,0.16667,2018
Linchao Zhu,Zhejiang University,nips,1.0,0.25,2019
Linchao Zhu,Zhejiang University,nips,1.0,0.11111,2022
Linchao Zhu,Zhejiang University,nips,1.0,0.25,2024
Linchao Zhu,Zhejiang University,sigir,1.0,0.25,2022
Ling Chen 0001,Zhejiang University,aaai,1.0,0.33333,2018
Ling Chen 0001,Zhejiang University,aaai,1.0,0.16667,2020
Ling Chen 0001,Zhejiang University,aaai,1.0,0.25,2023
Ling Chen 0001,Zhejiang University,iclr,1.0,0.2,2020
Ling Chen 0001,Zhejiang University,icra,1.0,0.25,2011
Ling Chen 0001,Zhejiang University,ijcai,1.0,0.16667,2024
Ling Chen 0001,Zhejiang University,nips,1.0,0.2,2023
Ling Chen 0001,Zhejiang University,nips,2.0,0.75,2024
Ling Chen 0001,Zhejiang University,ubicomp,2.0,0.41667,2016
Ling Chen 0001,Zhejiang University,ubicomp,1.0,0.2,2017
Ling Chen 0001,Zhejiang University,ubicomp,1.0,0.2,2019
Ling Chen 0001,Zhejiang University,ubicomp,1.0,0.25,2022
Ling Chen 0001,Zhejiang University,ubicomp,2.0,0.58333,2023
Ling Chen 0001,Zhejiang University,ubicomp,1.0,0.5,2024
Lingfeng Bao,Zhejiang University,ase,1.0,0.25,2019
Lingfeng Bao,Zhejiang University,ase,1.0,0.16667,2021
Lingfeng Bao,Zhejiang University,ase,1.0,0.25,2023
Lingfeng Bao,Zhejiang University,ase,1.0,0.16667,2024
Lingfeng Bao,Zhejiang University,fse,1.0,0.2,2018
Lingfeng Bao,Zhejiang University,fse,1.0,0.125,2022
Lingfeng Bao,Zhejiang University,fse,1.0,0.16667,2024
Lingfeng Bao,Zhejiang University,fse,2.0,0.4,2025
Lingfeng Bao,Zhejiang University,icde,1.0,0.16667,2024
Lingfeng Bao,Zhejiang University,icse,1.0,0.16667,2019
Lingfeng Bao,Zhejiang University,icse,1.0,0.25,2022
Lingfeng Bao,Zhejiang University,icse,1.0,0.2,2023
Lingfeng Bao,Zhejiang University,icse,1.0,0.16667,2024
Lingfeng Bao,Zhejiang University,ubicomp,1.0,0.14286,2019
Lingyun Sun,Zhejiang University,aaai,1.0,0.16667,2023
Lingyun Sun,Zhejiang University,aaai,1.0,0.125,2024
Lingyun Sun,Zhejiang University,aaai,3.0,0.525,2025
Lingyun Sun,Zhejiang University,chiconf,3.0,0.41111,2021
Lingyun Sun,Zhejiang University,chiconf,1.0,0.1,2022
Lingyun Sun,Zhejiang University,chiconf,5.0,0.47736,2023
Lingyun Sun,Zhejiang University,chiconf,7.0,0.83426,2024
Lingyun Sun,Zhejiang University,chiconf,7.0,0.85397,2025
Lingyun Sun,Zhejiang University,cvpr,1.0,0.25,2022
Lingyun Sun,Zhejiang University,cvpr,1.0,0.125,2024
Lingyun Sun,Zhejiang University,iccv,1.0,0.2,2021
Lingyun Sun,Zhejiang University,iccv,1.0,0.2,2023
Lingyun Sun,Zhejiang University,iclr,1.0,0.11111,2025
Lingyun Sun,Zhejiang University,icse,1.0,0.125,2024
Lingyun Sun,Zhejiang University,ijcai,1.0,0.14286,2023
Lingyun Sun,Zhejiang University,ijcai,2.0,0.33333,2025
Lingyun Sun,Zhejiang University,ubicomp,1.0,0.083333,2022
Lingyun Sun,Zhejiang University,ubicomp,2.0,0.15,2023
Lingyun Sun,Zhejiang University,uist,1.0,0.1,2022
Lingyun Sun,Zhejiang University,uist,4.0,0.43333,2024
Lingyun Sun,Zhejiang University,uist,4.0,0.58889,2025
Lingyun Sun,Zhejiang University,vr,1.0,0.14286,2024
Lingyun Sun,Zhejiang University,vr,1.0,0.125,2025
Liqiang Lu,Zhejiang University,asplos,2.0,0.24286,2024
Liqiang Lu,Zhejiang University,dac,1.0,0.2,2017
Liqiang Lu,Zhejiang University,dac,1.0,0.5,2018
Liqiang Lu,Zhejiang University,dac,1.0,0.25,2020
Liqiang Lu,Zhejiang University,dac,1.0,0.25,2021
Liqiang Lu,Zhejiang University,dac,1.0,0.14286,2023
Liqiang Lu,Zhejiang University,dac,1.0,0.16667,2024
Liqiang Lu,Zhejiang University,dac,4.0,0.56111,2025
Liqiang Lu,Zhejiang University,fse,1.0,0.125,2025
Liqiang Lu,Zhejiang University,hpca,1.0,0.14286,2023
Liqiang Lu,Zhejiang University,hpca,1.0,0.2,2025
Liqiang Lu,Zhejiang University,iccad,1.0,0.16667,2023
Liqiang Lu,Zhejiang University,iccad,1.0,0.11111,2025
Liqiang Lu,Zhejiang University,ijcai,1.0,0.090909,2025
Liqiang Lu,Zhejiang University,isca,1.0,0.125,2021
Liqiang Lu,Zhejiang University,isca,1.0,0.1,2022
Liqiang Lu,Zhejiang University,isca,2.0,0.23611,2025
Liqiang Lu,Zhejiang University,micro,1.0,0.14286,2021
Liqiang Lu,Zhejiang University,micro,1.0,0.083333,2023
Lu Chen 0001,Zhejiang University,aaai,1.0,0.1,2024
Lu Chen 0001,Zhejiang University,acl,1.0,0.05,2025
Lu Chen 0001,Zhejiang University,cvpr,1.0,0.076923,2025
Lu Chen 0001,Zhejiang University,emnlp,1.0,0.083333,2024
Lu Chen 0001,Zhejiang University,icde,1.0,0.2,2015
Lu Chen 0001,Zhejiang University,icde,1.0,0.2,2016
Lu Chen 0001,Zhejiang University,icde,2.0,0.36667,2018
Lu Chen 0001,Zhejiang University,icde,2.0,0.36667,2019
Lu Chen 0001,Zhejiang University,icde,1.0,0.125,2020
Lu Chen 0001,Zhejiang University,icde,2.0,0.36667,2021
Lu Chen 0001,Zhejiang University,icde,3.0,0.45758,2022
Lu Chen 0001,Zhejiang University,icde,4.0,0.61071,2023
Lu Chen 0001,Zhejiang University,icde,10.0,1.6286,2024
Lu Chen 0001,Zhejiang University,icde,1.0,0.16667,2025
Lu Chen 0001,Zhejiang University,icml,3.0,0.40278,2025
Lu Chen 0001,Zhejiang University,ijcai,1.0,0.2,2022
Lu Chen 0001,Zhejiang University,ijcai,1.0,0.14286,2025
Lu Chen 0001,Zhejiang University,kdd,2.0,0.30952,2022
Lu Chen 0001,Zhejiang University,kdd,1.0,0.125,2023
Lu Chen 0001,Zhejiang University,kdd,1.0,0.14286,2024
Lu Chen 0001,Zhejiang University,nips,1.0,0.14286,2022
Lu Chen 0001,Zhejiang University,sigir,1.0,0.2,2021
Lu Chen 0001,Zhejiang University,sigir,2.0,0.34286,2022
Lu Chen 0001,Zhejiang University,sigir,2.0,0.30952,2023
Lu Chen 0001,Zhejiang University,sigmod,1.0,0.16667,2015
Lu Chen 0001,Zhejiang University,sigmod,1.0,0.16667,2023
Lu Chen 0001,Zhejiang University,sigmod,3.0,0.5,2024
Lu Chen 0001,Zhejiang University,sigmod,1.0,0.16667,2025
Lu Chen 0001,Zhejiang University,vldb,1.0,0.16667,2017
Lu Chen 0001,Zhejiang University,vldb,1.0,0.2,2018
Lu Chen 0001,Zhejiang University,vldb,1.0,0.16667,2019
Lu Chen 0001,Zhejiang University,vldb,1.0,0.2,2020
Lu Chen 0001,Zhejiang University,vldb,5.0,0.92778,2021
Lu Chen 0001,Zhejiang University,vldb,2.0,0.34286,2022
Lu Chen 0001,Zhejiang University,vldb,6.0,0.83016,2023
Lu Chen 0001,Zhejiang University,vldb,4.0,0.625,2024
Lu Chen 0001,Zhejiang University,vldb,2.0,0.30952,2025
Lu Chen 0001,Zhejiang University,www,2.0,0.325,2023
Lu Chen 0001,Zhejiang University,www,1.0,0.125,2024
Manolis Zampetakis,Yale University,ec,1.0,0.33333,2016
Manolis Zampetakis,Yale University,ec,2.0,0.75,2020
Manolis Zampetakis,Yale University,ec,1.0,0.33333,2023
Manolis Zampetakis,Yale University,focs,2.0,0.58333,2018
Manolis Zampetakis,Yale University,focs,1.0,0.33333,2019
Manolis Zampetakis,Yale University,focs,1.0,0.33333,2024
Manolis Zampetakis,Yale University,icml,1.0,0.5,2025
Manolis Zampetakis,Yale University,ijcai,1.0,0.14286,2024
Manolis Zampetakis,Yale University,nips,3.0,0.91667,2020
Manolis Zampetakis,Yale University,nips,4.0,1.1667,2021
Manolis Zampetakis,Yale University,nips,1.0,0.33333,2022
Manolis Zampetakis,Yale University,nips,1.0,0.33333,2023
Manolis Zampetakis,Yale University,nips,2.0,0.30952,2024
Manolis Zampetakis,Yale University,soda,1.0,0.33333,2017
Manolis Zampetakis,Yale University,soda,1.0,0.25,2021
Manolis Zampetakis,Yale University,stoc,1.0,0.33333,2018
Manolis Zampetakis,Yale University,stoc,1.0,0.33333,2021
Manolis Zampetakis,Yale University,stoc,1.0,0.25,2023
Manolis Zampetakis,Yale University,wine,1.0,0.5,2013
Marynel Vázquez,Yale University,chiconf,1.0,0.2,2015
Marynel Vázquez,Yale University,cvpr,1.0,0.2,2021
Marynel Vázquez,Yale University,emnlp,1.0,0.14286,2018
Marynel Vázquez,Yale University,icra,1.0,0.090909,2019
Marynel Vázquez,Yale University,iros,1.0,0.33333,2015
Marynel Vázquez,Yale University,iros,1.0,0.2,2018
Marynel Vázquez,Yale University,iros,2.0,0.58333,2020
Marynel Vázquez,Yale University,iros,1.0,0.2,2021
Marynel Vázquez,Yale University,nips,1.0,0.2,2022
Marynel Vázquez,Yale University,rss,1.0,0.14286,2019
Michael J. Fischer,Yale University,crypto,1.0,0.5,1991
Michael J. Fischer,Yale University,focs,2.0,0.45,1979
Michael J. Fischer,Yale University,focs,1.0,0.5,1984
Michael J. Fischer,Yale University,focs,1.0,0.5,1985
Michael J. Fischer,Yale University,oakland,1.0,0.125,2017
Michael J. Fischer,Yale University,pods,1.0,0.5,1982
Michael J. Fischer,Yale University,pods,1.0,0.33333,1983
Michael J. Fischer,Yale University,soda,1.0,0.5,1993
Michael J. Fischer,Yale University,soda,1.0,0.2,2001
Michael J. Fischer,Yale University,sosp,1.0,0.16667,1981
Michael J. Fischer,Yale University,stoc,1.0,0.5,1973
Michael J. Fischer,Yale University,stoc,1.0,0.33333,1975
Michael J. Fischer,Yale University,stoc,2.0,1.0,1977
Michael J. Fischer,Yale University,stoc,1.0,0.5,1980
Michael J. Fischer,Yale University,stoc,1.0,0.25,1984
Michael J. Fischer,Yale University,stoc,1.0,0.25,1990
Min Tang 0001,Zhejiang University,aaai,1.0,0.25,2021
Min Tang 0001,Zhejiang University,cvpr,1.0,0.25,2023
Min Tang 0001,Zhejiang University,eurographics,1.0,0.25,2002
Min Tang 0001,Zhejiang University,eurographics,1.0,0.2,2013
Min Tang 0001,Zhejiang University,eurographics,1.0,0.25,2015
Min Tang 0001,Zhejiang University,eurographics,2.0,0.36667,2016
Min Tang 0001,Zhejiang University,eurographics,1.0,0.2,2017
Min Tang 0001,Zhejiang University,eurographics,2.0,0.45,2018
Min Tang 0001,Zhejiang University,eurographics,2.0,0.26786,2022
Min Tang 0001,Zhejiang University,eurographics,1.0,0.11111,2023
Min Tang 0001,Zhejiang University,siggraph,1.0,0.25,2012
Min Tang 0001,Zhejiang University,siggraph,1.0,0.1,2020
Min Tang 0001,Zhejiang University,siggraph-asia,1.0,0.2,2018
Min Tang 0001,Zhejiang University,siggraph-asia,1.0,0.16667,2020
Min Tang 0001,Zhejiang University,siggraph-asia,1.0,0.2,2024
Min Yao,Zhejiang University,aaai,1.0,0.16667,2017
Mingli Song,Zhejiang University,aaai,1.0,0.2,2019
Mingli Song,Zhejiang University,aaai,2.0,0.30952,2020
Mingli Song,Zhejiang University,aaai,3.0,0.43452,2021
Mingli Song,Zhejiang University,aaai,3.0,0.47619,2022
Mingli Song,Zhejiang University,aaai,2.0,0.325,2023
Mingli Song,Zhejiang University,aaai,4.0,0.67619,2024
Mingli Song,Zhejiang University,aaai,7.0,1.0234,2025
Mingli Song,Zhejiang University,cvpr,1.0,0.25,2004
Mingli Song,Zhejiang University,cvpr,2.0,0.30952,2013
Mingli Song,Zhejiang University,cvpr,2.0,0.33333,2014
Mingli Song,Zhejiang University,cvpr,1.0,0.2,2018
Mingli Song,Zhejiang University,cvpr,1.0,0.16667,2019
Mingli Song,Zhejiang University,cvpr,3.0,0.54286,2020
Mingli Song,Zhejiang University,cvpr,4.0,0.69167,2021
Mingli Song,Zhejiang University,cvpr,4.0,0.62778,2022
Mingli Song,Zhejiang University,cvpr,4.0,0.61071,2023
Mingli Song,Zhejiang University,cvpr,1.0,0.16667,2024
Mingli Song,Zhejiang University,cvpr,2.0,0.39286,2025
Mingli Song,Zhejiang University,eccv,1.0,0.2,2010
Mingli Song,Zhejiang University,eccv,2.0,0.28571,2018
Mingli Song,Zhejiang University,eccv,2.0,0.36667,2020
Mingli Song,Zhejiang University,eccv,4.0,0.56786,2022
Mingli Song,Zhejiang University,eccv,2.0,0.26786,2024
Mingli Song,Zhejiang University,iccv,1.0,0.16667,2019
Mingli Song,Zhejiang University,iccv,5.0,0.85833,2021
Mingli Song,Zhejiang University,iccv,2.0,0.34286,2023
Mingli Song,Zhejiang University,icde,1.0,0.16667,2024
Mingli Song,Zhejiang University,iclr,1.0,0.16667,2023
Mingli Song,Zhejiang University,iclr,2.0,0.25758,2024
Mingli Song,Zhejiang University,iclr,2.0,0.23611,2025
Mingli Song,Zhejiang University,icml,1.0,0.16667,2022
Mingli Song,Zhejiang University,icml,1.0,0.2,2023
Mingli Song,Zhejiang University,icml,1.0,0.25,2024
Mingli Song,Zhejiang University,icml,4.0,0.55397,2025
Mingli Song,Zhejiang University,ijcai,3.0,0.56667,2019
Mingli Song,Zhejiang University,ijcai,3.0,0.5,2021
Mingli Song,Zhejiang University,ijcai,1.0,0.14286,2022
Mingli Song,Zhejiang University,ijcai,1.0,0.5,2023
Mingli Song,Zhejiang University,ijcai,3.0,0.37897,2024
Mingli Song,Zhejiang University,ijcai,5.0,0.72024,2025
Mingli Song,Zhejiang University,kdd,1.0,0.090909,2023
Mingli Song,Zhejiang University,kdd,2.0,0.36667,2024
Mingli Song,Zhejiang University,nips,1.0,0.16667,2018
Mingli Song,Zhejiang University,nips,1.0,0.2,2019
Mingli Song,Zhejiang University,nips,2.0,0.39286,2020
Mingli Song,Zhejiang University,nips,1.0,0.14286,2021
Mingli Song,Zhejiang University,nips,1.0,0.16667,2023
Mingli Song,Zhejiang University,nips,9.0,1.3302,2024
Mingli Song,Zhejiang University,sc,1.0,0.1,2024
Mingli Song,Zhejiang University,sigmod,1.0,0.16667,2022
Mingli Song,Zhejiang University,usenixsec,1.0,0.1,2025
Mingli Song,Zhejiang University,vldb,1.0,0.1,2025
Mingli Song,Zhejiang University,www,1.0,0.2,2024
Mingli Song,Zhejiang University,www,1.0,0.14286,2025
Mingmin Zhang,Zhejiang University,eurographics,1.0,0.14286,2015
Mingshuai Chen,Zhejiang University,ase,1.0,0.11111,2024
Mingshuai Chen,Zhejiang University,asplos,2.0,0.24286,2024
Mingshuai Chen,Zhejiang University,cav,1.0,0.2,2019
Mingshuai Chen,Zhejiang University,cav,1.0,0.2,2020
Mingshuai Chen,Zhejiang University,cav,2.0,0.36667,2021
Mingshuai Chen,Zhejiang University,cav,1.0,0.25,2022
Mingshuai Chen,Zhejiang University,cav,1.0,0.2,2025
Mingshuai Chen,Zhejiang University,ijcai,1.0,0.090909,2025
Mingshuai Chen,Zhejiang University,oopsla,1.0,0.16667,2023
Mingshuai Chen,Zhejiang University,oopsla,1.0,0.2,2024
Mingxue Zhang 0001,Zhejiang University,ccs,1.0,0.5,2024
Mingxue Zhang 0001,Zhejiang University,fse,1.0,0.5,2020
Mingxue Zhang 0001,Zhejiang University,fse,1.0,0.5,2021
Mingxue Zhang 0001,Zhejiang University,icse,1.0,0.25,2024
Mingxue Zhang 0001,Zhejiang University,oakland,1.0,0.33333,2021
Mingxue Zhang 0001,Zhejiang University,oakland,1.0,0.2,2024
Mingxue Zhang 0001,Zhejiang University,usenixsec,1.0,0.2,2019
Mingxue Zhang 0001,Zhejiang University,www,1.0,0.33333,2020
Nicole Immorlica,Yale University,aaai,1.0,0.16667,2015
Nicole Immorlica,Yale University,aaai,1.0,0.25,2018
Nicole Immorlica,Yale University,aaai,1.0,0.16667,2024
Nicole Immorlica,Yale University,ec,2.0,0.45,2005
Nicole Immorlica,Yale University,ec,1.0,0.25,2007
Nicole Immorlica,Yale University,ec,1.0,0.25,2011
Nicole Immorlica,Yale University,ec,1.0,0.25,2013
Nicole Immorlica,Yale University,ec,1.0,0.2,2014
Nicole Immorlica,Yale University,ec,1.0,0.2,2018
Nicole Immorlica,Yale University,ec,1.0,0.33333,2020
Nicole Immorlica,Yale University,ec,1.0,0.2,2022
Nicole Immorlica,Yale University,focs,1.0,0.25,2007
Nicole Immorlica,Yale University,focs,1.0,0.25,2014
Nicole Immorlica,Yale University,focs,1.0,0.5,2018
Nicole Immorlica,Yale University,focs,1.0,0.25,2019
Nicole Immorlica,Yale University,icml,1.0,0.2,2024
Nicole Immorlica,Yale University,ijcai,1.0,0.25,2020
Nicole Immorlica,Yale University,mobicom,2.0,0.58333,2003
Nicole Immorlica,Yale University,nips,1.0,0.33333,2017
Nicole Immorlica,Yale University,soda,1.0,0.25,2004
Nicole Immorlica,Yale University,soda,2.0,0.83333,2005
Nicole Immorlica,Yale University,soda,1.0,0.33333,2007
Nicole Immorlica,Yale University,soda,1.0,0.2,2009
Nicole Immorlica,Yale University,soda,1.0,0.33333,2014
Nicole Immorlica,Yale University,soda,1.0,0.25,2017
Nicole Immorlica,Yale University,soda,1.0,0.25,2024
Nicole Immorlica,Yale University,stoc,1.0,0.16667,2005
Nicole Immorlica,Yale University,stoc,1.0,0.16667,2008
Nicole Immorlica,Yale University,stoc,1.0,0.16667,2011
Nicole Immorlica,Yale University,stoc,2.0,0.58333,2012
Nicole Immorlica,Yale University,stoc,1.0,0.2,2016
Nicole Immorlica,Yale University,wine,2.0,0.5,2005
Nicole Immorlica,Yale University,wine,2.0,0.66667,2006
Nicole Immorlica,Yale University,wine,1.0,0.33333,2009
Nicole Immorlica,Yale University,wine,3.0,0.67619,2010
Nicole Immorlica,Yale University,wine,1.0,0.5,2012
Nicole Immorlica,Yale University,wine,1.0,0.33333,2015
Nicole Immorlica,Yale University,wine,1.0,0.33333,2016
Nicole Immorlica,Yale University,wine,1.0,0.25,2017
Nicole Immorlica,Yale University,wine,1.0,0.2,2018
Nicole Immorlica,Yale University,wine,1.0,0.2,2020
Nicole Immorlica,Yale University,wine,1.0,0.33333,2021
Nicole Immorlica,Yale University,www,1.0,0.5,2005
Nicole Immorlica,Yale University,www,1.0,0.16667,2007
Nicole Immorlica,Yale University,www,1.0,0.25,2008
Nicole Immorlica,Yale University,www,1.0,0.33333,2015
Nicole Immorlica,Yale University,www,2.0,0.58333,2019
Nicole Immorlica,Yale University,www,1.0,0.33333,2024
Ningyu Zhang 0001,Zhejiang University,aaai,1.0,0.14286,2021
Ningyu Zhang 0001,Zhejiang University,aaai,4.0,0.56667,2024
Ningyu Zhang 0001,Zhejiang University,acl,3.0,0.425,2021
Ningyu Zhang 0001,Zhejiang University,acl,1.0,0.043478,2022
Ningyu Zhang 0001,Zhejiang University,acl,2.0,0.36111,2023
Ningyu Zhang 0001,Zhejiang University,acl,5.0,0.63452,2024
Ningyu Zhang 0001,Zhejiang University,acl,5.0,0.56753,2025
Ningyu Zhang 0001,Zhejiang University,emnlp,1.0,0.16667,2018
Ningyu Zhang 0001,Zhejiang University,emnlp,1.0,0.25,2022
Ningyu Zhang 0001,Zhejiang University,emnlp,3.0,0.41071,2023
Ningyu Zhang 0001,Zhejiang University,icde,1.0,0.071429,2023
Ningyu Zhang 0001,Zhejiang University,iclr,2.0,0.23611,2022
Ningyu Zhang 0001,Zhejiang University,iclr,1.0,0.16667,2023
Ningyu Zhang 0001,Zhejiang University,iclr,4.0,0.60119,2024
Ningyu Zhang 0001,Zhejiang University,iclr,2.0,0.25397,2025
Ningyu Zhang 0001,Zhejiang University,icml,1.0,0.25,2024
Ningyu Zhang 0001,Zhejiang University,icml,1.0,0.125,2025
Ningyu Zhang 0001,Zhejiang University,ijcai,3.0,0.39683,2021
Ningyu Zhang 0001,Zhejiang University,ijcai,1.0,0.125,2023
Ningyu Zhang 0001,Zhejiang University,ijcai,3.0,0.33611,2024
Ningyu Zhang 0001,Zhejiang University,kdd,1.0,0.090909,2021
Ningyu Zhang 0001,Zhejiang University,naacl,1.0,0.14286,2019
Ningyu Zhang 0001,Zhejiang University,naacl,2.0,0.30952,2021
Ningyu Zhang 0001,Zhejiang University,naacl,1.0,0.16667,2024
Ningyu Zhang 0001,Zhejiang University,nips,1.0,0.11111,2022
Ningyu Zhang 0001,Zhejiang University,nips,1.0,0.125,2023
Ningyu Zhang 0001,Zhejiang University,nips,3.0,0.35397,2024
Ningyu Zhang 0001,Zhejiang University,sigir,3.0,0.33089,2022
Ningyu Zhang 0001,Zhejiang University,sigir,1.0,0.14286,2023
Ningyu Zhang 0001,Zhejiang University,www,1.0,0.16667,2020
Ningyu Zhang 0001,Zhejiang University,www,2.0,0.23611,2022
Nisheeth K. Vishnoi,Yale University,cvpr,1.0,0.33333,2011
Nisheeth K. Vishnoi,Yale University,focs,2.0,0.75,2005
Nisheeth K. Vishnoi,Yale University,focs,1.0,0.33333,2017
Nisheeth K. Vishnoi,Yale University,focs,1.0,0.5,2019
Nisheeth K. Vishnoi,Yale University,iclr,1.0,0.5,2024
Nisheeth K. Vishnoi,Yale University,icml,1.0,0.16667,2018
Nisheeth K. Vishnoi,Yale University,icml,2.0,0.83333,2019
Nisheeth K. Vishnoi,Yale University,icml,1.0,0.33333,2020
Nisheeth K. Vishnoi,Yale University,icml,1.0,0.25,2021
Nisheeth K. Vishnoi,Yale University,icml,1.0,0.25,2022
Nisheeth K. Vishnoi,Yale University,icml,1.0,0.2,2023
Nisheeth K. Vishnoi,Yale University,icml,1.0,0.25,2024
Nisheeth K. Vishnoi,Yale University,icml,2.0,0.66667,2025
Nisheeth K. Vishnoi,Yale University,ijcai,1.0,0.33333,2018
Nisheeth K. Vishnoi,Yale University,nips,1.0,0.5,2018
Nisheeth K. Vishnoi,Yale University,nips,2.0,0.66667,2019
Nisheeth K. Vishnoi,Yale University,nips,1.0,0.33333,2020
Nisheeth K. Vishnoi,Yale University,nips,2.0,0.66667,2021
Nisheeth K. Vishnoi,Yale University,nips,3.0,1.5,2022
Nisheeth K. Vishnoi,Yale University,nips,2.0,0.75,2023
Nisheeth K. Vishnoi,Yale University,soda,1.0,0.2,2002
Nisheeth K. Vishnoi,Yale University,soda,3.0,1.0833,2011
Nisheeth K. Vishnoi,Yale University,soda,1.0,0.25,2013
Nisheeth K. Vishnoi,Yale University,soda,1.0,1.0,2015
Nisheeth K. Vishnoi,Yale University,soda,2.0,0.83333,2016
Nisheeth K. Vishnoi,Yale University,soda,1.0,0.5,2019
Nisheeth K. Vishnoi,Yale University,stoc,1.0,0.25,2006
Nisheeth K. Vishnoi,Yale University,stoc,2.0,0.41667,2008
Nisheeth K. Vishnoi,Yale University,stoc,2.0,0.66667,2012
Nisheeth K. Vishnoi,Yale University,stoc,1.0,0.5,2014
Nisheeth K. Vishnoi,Yale University,stoc,1.0,0.5,2017
Nisheeth K. Vishnoi,Yale University,stoc,1.0,0.33333,2019
Nisheeth K. Vishnoi,Yale University,stoc,2.0,1.0,2020
Nisheeth K. Vishnoi,Yale University,stoc,2.0,0.83333,2021
Nisheeth K. Vishnoi,Yale University,wine,1.0,0.33333,2017
Nisheeth K. Vishnoi,Yale University,www,1.0,0.5,2023
Peisen Yao,Zhejiang University,ase,1.0,0.125,2021
Peisen Yao,Zhejiang University,ase,2.0,0.30952,2023
Peisen Yao,Zhejiang University,asplos,1.0,0.16667,2024
Peisen Yao,Zhejiang University,fse,1.0,0.16667,2021
Peisen Yao,Zhejiang University,fse,2.0,0.27778,2025
Peisen Yao,Zhejiang University,icse,1.0,0.2,2022
Peisen Yao,Zhejiang University,icse,1.0,0.2,2023
Peisen Yao,Zhejiang University,icse,1.0,0.2,2024
Peisen Yao,Zhejiang University,issta,1.0,0.25,2020
Peisen Yao,Zhejiang University,issta,1.0,0.16667,2021
Peisen Yao,Zhejiang University,issta,1.0,0.33333,2024
Peisen Yao,Zhejiang University,oakland,1.0,0.2,2020
Peisen Yao,Zhejiang University,oakland,1.0,0.16667,2022
Peisen Yao,Zhejiang University,oakland,1.0,0.2,2024
Peisen Yao,Zhejiang University,oopsla,1.0,0.25,2021
Peisen Yao,Zhejiang University,oopsla,2.0,0.45,2022
Peisen Yao,Zhejiang University,pldi,2.0,0.58333,2021
Peisen Yao,Zhejiang University,pldi,1.0,0.16667,2024
Peisen Yao,Zhejiang University,usenixsec,1.0,0.25,2023
Qiming Hou,Zhejiang University,eurographics,1.0,0.25,2012
Qiming Hou,Zhejiang University,siggraph,1.0,0.33333,2008
Qiming Hou,Zhejiang University,siggraph,1.0,0.2,2010
Qiming Hou,Zhejiang University,siggraph,1.0,0.33333,2014
Qiming Hou,Zhejiang University,siggraph-asia,1.0,0.25,2008
Qiming Hou,Zhejiang University,siggraph-asia,2.0,0.5,2009
Qiming Hou,Zhejiang University,siggraph-asia,1.0,0.5,2011
Qiming Hou,Zhejiang University,siggraph-asia,1.0,0.2,2015
Qiming Hou,Zhejiang University,siggraph-asia,1.0,0.33333,2016
Qinming He,Zhejiang University,ccs,1.0,0.14286,2021
Qinming He,Zhejiang University,fse,1.0,0.14286,2025
Qinming He,Zhejiang University,icde,1.0,0.2,2014
Qinming He,Zhejiang University,icde,1.0,0.14286,2018
Qinming He,Zhejiang University,icde,1.0,0.14286,2019
Qinming He,Zhejiang University,icde,1.0,0.1,2021
Qinming He,Zhejiang University,icde,1.0,0.16667,2022
Qinming He,Zhejiang University,icde,1.0,0.2,2023
Qinming He,Zhejiang University,icde,1.0,0.1,2024
Qinming He,Zhejiang University,ijcai,1.0,0.16667,2020
Qinming He,Zhejiang University,ijcai,1.0,0.16667,2021
Qinming He,Zhejiang University,ijcai,1.0,0.33333,2022
Qinming He,Zhejiang University,sigcomm,1.0,0.041667,2024
Qinming He,Zhejiang University,sigcomm,1.0,0.055556,2025
Qinming He,Zhejiang University,usenixsec,2.0,0.36111,2024
Qinming He,Zhejiang University,www,1.0,0.25,2023
Quanquan C. Liu,Yale University,focs,1.0,0.16667,2022
Quanquan C. Liu,Yale University,vldb,1.0,0.25,2025
Rajit Manohar,Yale University,asplos,1.0,0.33333,2004
Rajit Manohar,Yale University,dac,1.0,0.33333,2025
Rajit Manohar,Yale University,iccad,1.0,0.5,2014
Rajit Manohar,Yale University,iccad,1.0,0.25,2019
Rajit Manohar,Yale University,iccad,1.0,0.33333,2020
Rajit Manohar,Yale University,isca,1.0,0.125,2020
Rajit Manohar,Yale University,isca,1.0,0.125,2023
Rajit Manohar,Yale University,pldi,1.0,0.25,2015
Rajit Manohar,Yale University,sc,1.0,0.026316,2014
Rex Ying,Yale University,aaai,1.0,0.25,2021
Rex Ying,Yale University,aaai,1.0,0.25,2023
Rex Ying,Yale University,aaai,1.0,0.125,2025
Rex Ying,Yale University,acl,1.0,0.25,2023
Rex Ying,Yale University,cvpr,1.0,0.125,2023
Rex Ying,Yale University,emnlp,1.0,0.028571,2024
Rex Ying,Yale University,iclr,1.0,0.2,2020
Rex Ying,Yale University,iclr,1.0,0.33333,2024
Rex Ying,Yale University,icml,1.0,0.2,2018
Rex Ying,Yale University,icml,1.0,0.33333,2019
Rex Ying,Yale University,icml,1.0,0.16667,2020
Rex Ying,Yale University,icml,1.0,0.11111,2022
Rex Ying,Yale University,icml,2.0,0.31111,2023
Rex Ying,Yale University,icml,4.0,0.51805,2024
Rex Ying,Yale University,icml,4.0,0.65833,2025
Rex Ying,Yale University,ijcai,1.0,0.25,2021
Rex Ying,Yale University,kdd,1.0,0.16667,2018
Rex Ying,Yale University,kdd,1.0,0.16667,2020
Rex Ying,Yale University,kdd,1.0,0.16667,2021
Rex Ying,Yale University,kdd,1.0,0.1,2022
Rex Ying,Yale University,kdd,2.0,0.45833,2023
Rex Ying,Yale University,kdd,1.0,0.16667,2024
Rex Ying,Yale University,naacl,1.0,0.14286,2021
Rex Ying,Yale University,nips,1.0,0.33333,2017
Rex Ying,Yale University,nips,2.0,0.36667,2018
Rex Ying,Yale University,nips,2.0,0.45,2019
Rex Ying,Yale University,nips,1.0,0.33333,2020
Rex Ying,Yale University,nips,2.0,0.41667,2021
Rex Ying,Yale University,nips,5.0,1.5833,2023
Rex Ying,Yale University,nips,3.0,0.51786,2024
Rex Ying,Yale University,sigmod,1.0,0.33333,2024
Robert Soulé,Yale University,eurosys,1.0,0.2,2019
Robert Soulé,Yale University,eurosys,1.0,0.2,2020
Robert Soulé,Yale University,nsdi,1.0,0.33333,2007
Robert Soulé,Yale University,nsdi,1.0,0.16667,2009
Robert Soulé,Yale University,nsdi,2.0,0.25,2018
Robert Soulé,Yale University,nsdi,1.0,0.1,2021
Robert Soulé,Yale University,pldi,1.0,0.16667,2024
Robert Soulé,Yale University,sigcomm,1.0,0.1,2018
Robert Soulé,Yale University,sosp,1.0,0.125,2017
Robert Soulé,Yale University,usenixatc,1.0,0.25,2016
Robert Soulé,Yale University,usenixatc,1.0,0.066667,2017
Robert Soulé,Yale University,vldb,1.0,0.14286,2010
Robert Soulé,Yale University,vldb,1.0,0.2,2021
Rui Wang 0004,Zhejiang University,cvpr,1.0,0.090909,2023
Rui Wang 0004,Zhejiang University,eurographics,1.0,0.2,2007
Rui Wang 0004,Zhejiang University,eurographics,1.0,0.2,2009
Rui Wang 0004,Zhejiang University,eurographics,1.0,0.25,2014
Rui Wang 0004,Zhejiang University,eurographics,1.0,0.33333,2015
Rui Wang 0004,Zhejiang University,eurographics,1.0,0.25,2017
Rui Wang 0004,Zhejiang University,eurographics,2.0,0.41667,2018
Rui Wang 0004,Zhejiang University,eurographics,2.0,0.33333,2020
Rui Wang 0004,Zhejiang University,eurographics,1.0,0.25,2021
Rui Wang 0004,Zhejiang University,eurographics,2.0,0.325,2022
Rui Wang 0004,Zhejiang University,eurographics,1.0,0.2,2024
Rui Wang 0004,Zhejiang University,ijcai,1.0,0.2,2024
Rui Wang 0004,Zhejiang University,siggraph,1.0,0.1,2006
Rui Wang 0004,Zhejiang University,siggraph,1.0,0.2,2009
Rui Wang 0004,Zhejiang University,siggraph,1.0,0.16667,2016
Rui Wang 0004,Zhejiang University,siggraph,1.0,0.125,2022
Rui Wang 0004,Zhejiang University,siggraph,1.0,0.11111,2024
Rui Wang 0004,Zhejiang University,siggraph,1.0,0.125,2025
Rui Wang 0004,Zhejiang University,siggraph-asia,1.0,0.25,2008
Rui Wang 0004,Zhejiang University,siggraph-asia,1.0,0.16667,2013
Rui Wang 0004,Zhejiang University,siggraph-asia,1.0,0.16667,2014
Rui Wang 0004,Zhejiang University,siggraph-asia,2.0,0.4,2015
Rui Wang 0004,Zhejiang University,siggraph-asia,1.0,0.2,2016
Rui Wang 0004,Zhejiang University,siggraph-asia,1.0,0.14286,2019
Rui Wang 0004,Zhejiang University,siggraph-asia,1.0,0.1,2022
Rui Wang 0004,Zhejiang University,siggraph-asia,2.0,0.25,2023
Rui Wang 0004,Zhejiang University,siggraph-asia,1.0,0.11111,2024
Rui Wang 0004,Zhejiang University,vr,1.0,0.33333,2019
Ruzica Piskac,Yale University,aaai,1.0,0.2,2020
Ruzica Piskac,Yale University,ase,1.0,0.2,2022
Ruzica Piskac,Yale University,cav,1.0,0.5,2008
Ruzica Piskac,Yale University,cav,1.0,0.33333,2011
Ruzica Piskac,Yale University,cav,2.0,0.58333,2013
Ruzica Piskac,Yale University,cav,1.0,0.33333,2014
Ruzica Piskac,Yale University,cav,1.0,0.5,2015
Ruzica Piskac,Yale University,cav,1.0,0.33333,2016
Ruzica Piskac,Yale University,cav,1.0,0.25,2019
Ruzica Piskac,Yale University,cav,1.0,0.14286,2024
Ruzica Piskac,Yale University,ccs,1.0,0.16667,2022
Ruzica Piskac,Yale University,ccs,1.0,0.125,2023
Ruzica Piskac,Yale University,iccad,1.0,0.1,2024
Ruzica Piskac,Yale University,ijcai,1.0,0.125,2023
Ruzica Piskac,Yale University,issta,1.0,0.2,2022
Ruzica Piskac,Yale University,nsdi,1.0,0.14286,2020
Ruzica Piskac,Yale University,nsdi,1.0,0.1,2021
Ruzica Piskac,Yale University,oopsla,2.0,0.4,2017
Ruzica Piskac,Yale University,oopsla,1.0,0.25,2021
Ruzica Piskac,Yale University,oopsla,1.0,0.33333,2022
Ruzica Piskac,Yale University,oopsla,1.0,0.14286,2024
Ruzica Piskac,Yale University,oopsla,1.0,0.33333,2025
Ruzica Piskac,Yale University,pldi,1.0,0.25,2010
Ruzica Piskac,Yale University,pldi,1.0,0.25,2013
Ruzica Piskac,Yale University,pldi,1.0,0.2,2019
Ruzica Piskac,Yale University,pldi,1.0,0.25,2022
Ruzica Piskac,Yale University,sigcse,1.0,0.5,2020
Ruzica Piskac,Yale University,sigmod,1.0,0.125,2024
Ruzica Piskac,Yale University,sigmod,1.0,0.125,2025
Ruzica Piskac,Yale University,usenixsec,1.0,0.2,2022
Ruzica Piskac,Yale University,usenixsec,1.0,0.11111,2024
Sahand Negahban,Yale University,icml,1.0,0.5,2010
Sahand Negahban,Yale University,icml,1.0,0.33333,2011
Sahand Negahban,Yale University,icml,1.0,0.2,2017
Sahand Negahban,Yale University,icml,1.0,0.2,2019
Sahand Negahban,Yale University,icml,1.0,0.25,2020
Sahand Negahban,Yale University,nips,1.0,0.5,2008
Sahand Negahban,Yale University,nips,1.0,0.25,2009
Sahand Negahban,Yale University,nips,1.0,0.33333,2010
Sahand Negahban,Yale University,nips,2.0,0.66667,2012
Sahand Negahban,Yale University,nips,1.0,0.5,2017
Sahand Negahban,Yale University,nips,1.0,0.33333,2021
Sai Wu,Zhejiang University,aaai,1.0,0.2,2021
Sai Wu,Zhejiang University,aaai,1.0,0.16667,2022
Sai Wu,Zhejiang University,aaai,1.0,0.2,2024
Sai Wu,Zhejiang University,aaai,2.0,0.23611,2025
Sai Wu,Zhejiang University,acl,1.0,0.25,2025
Sai Wu,Zhejiang University,iccv,1.0,0.2,2023
Sai Wu,Zhejiang University,icde,1.0,0.11111,2011
Sai Wu,Zhejiang University,icde,2.0,0.39286,2012
Sai Wu,Zhejiang University,icde,1.0,0.25,2013
Sai Wu,Zhejiang University,icde,1.0,0.16667,2015
Sai Wu,Zhejiang University,icde,1.0,0.16667,2016
Sai Wu,Zhejiang University,icde,1.0,0.16667,2018
Sai Wu,Zhejiang University,icde,1.0,0.16667,2019
Sai Wu,Zhejiang University,icde,1.0,0.16667,2021
Sai Wu,Zhejiang University,icde,1.0,0.16667,2022
Sai Wu,Zhejiang University,icde,1.0,0.2,2024
Sai Wu,Zhejiang University,iclr,1.0,0.14286,2023
Sai Wu,Zhejiang University,iclr,1.0,0.125,2025
Sai Wu,Zhejiang University,icml,1.0,0.16667,2021
Sai Wu,Zhejiang University,icml,2.0,0.36667,2023
Sai Wu,Zhejiang University,ijcai,1.0,0.14286,2022
Sai Wu,Zhejiang University,ijcai,2.0,0.36667,2025
Sai Wu,Zhejiang University,kdd,1.0,0.16667,2021
Sai Wu,Zhejiang University,nips,2.0,0.24286,2024
Sai Wu,Zhejiang University,sigir,1.0,0.2,2014
Sai Wu,Zhejiang University,sigmod,1.0,0.25,2008
Sai Wu,Zhejiang University,sigmod,2.0,0.53333,2010
Sai Wu,Zhejiang University,sigmod,2.0,0.45,2011
Sai Wu,Zhejiang University,sigmod,2.0,0.45,2016
Sai Wu,Zhejiang University,sigmod,1.0,0.16667,2022
Sai Wu,Zhejiang University,sigmod,1.0,0.2,2023
Sai Wu,Zhejiang University,sigmod,2.0,0.33333,2024
Sai Wu,Zhejiang University,sigmod,3.0,0.39286,2025
Sai Wu,Zhejiang University,vldb,1.0,0.25,2009
Sai Wu,Zhejiang University,vldb,2.0,0.5,2010
Sai Wu,Zhejiang University,vldb,1.0,0.2,2011
Sai Wu,Zhejiang University,vldb,1.0,0.16667,2012
Sai Wu,Zhejiang University,vldb,3.0,0.56667,2014
Sai Wu,Zhejiang University,vldb,1.0,0.125,2019
Sai Wu,Zhejiang University,vldb,1.0,0.14286,2023
Sai Wu,Zhejiang University,vldb,2.0,0.30952,2024
Sai Wu,Zhejiang University,vldb,4.0,0.53452,2025
Sai Wu,Zhejiang University,www,1.0,0.2,2020
Sai Wu,Zhejiang University,www,1.0,0.14286,2022
Sai Wu,Zhejiang University,www,1.0,0.14286,2024
Shanping Li,Zhejiang University,ase,1.0,0.16667,2016
Shanping Li,Zhejiang University,ase,1.0,0.2,2019
Shanping Li,Zhejiang University,ase,1.0,0.25,2020
Shanping Li,Zhejiang University,ase,1.0,0.16667,2021
Shanping Li,Zhejiang University,ase,1.0,0.25,2024
Shanping Li,Zhejiang University,fse,1.0,0.125,2022
Shanping Li,Zhejiang University,fse,1.0,0.16667,2025
Shanping Li,Zhejiang University,icse,1.0,0.16667,2019
Shanping Li,Zhejiang University,icse,2.0,0.33333,2021
Shanping Li,Zhejiang University,icse,1.0,0.2,2023
Shanping Li,Zhejiang University,icse,2.0,0.33333,2024
Shanping Li,Zhejiang University,issta,1.0,0.25,2016
Shanping Li,Zhejiang University,issta,2.0,0.33333,2024
Shijian Li,Zhejiang University,aaai,1.0,0.14286,2023
Shijian Li,Zhejiang University,aaai,1.0,0.16667,2024
Shijian Li,Zhejiang University,aaai,1.0,0.125,2025
Shijian Li,Zhejiang University,icde,1.0,0.125,2019
Shijian Li,Zhejiang University,icde,1.0,0.14286,2022
Shijian Li,Zhejiang University,iclr,2.0,0.26786,2025
Shijian Li,Zhejiang University,ijcai,1.0,0.25,2013
Shijian Li,Zhejiang University,ubicomp,1.0,0.16667,2011
Shijian Li,Zhejiang University,ubicomp,2.0,0.66667,2012
Shijian Li,Zhejiang University,ubicomp,2.0,0.225,2016
Shouling Ji,Zhejiang University,aaai,1.0,0.14286,2020
Shouling Ji,Zhejiang University,aaai,2.0,0.36667,2021
Shouling Ji,Zhejiang University,aaai,4.0,0.66111,2024
Shouling Ji,Zhejiang University,aaai,3.0,0.37897,2025
Shouling Ji,Zhejiang University,acl,1.0,0.14286,2025
Shouling Ji,Zhejiang University,ase,1.0,0.1,2021
Shouling Ji,Zhejiang University,ccs,1.0,0.25,2014
Shouling Ji,Zhejiang University,ccs,1.0,0.33333,2016
Shouling Ji,Zhejiang University,ccs,1.0,0.2,2018
Shouling Ji,Zhejiang University,ccs,2.0,0.23611,2020
Shouling Ji,Zhejiang University,ccs,6.0,0.71905,2021
Shouling Ji,Zhejiang University,ccs,2.0,0.325,2022
Shouling Ji,Zhejiang University,ccs,1.0,0.25,2023
Shouling Ji,Zhejiang University,ccs,2.0,0.26786,2024
Shouling Ji,Zhejiang University,cvpr,1.0,0.14286,2019
Shouling Ji,Zhejiang University,cvpr,1.0,0.14286,2021
Shouling Ji,Zhejiang University,emnlp,1.0,0.2,2020
Shouling Ji,Zhejiang University,emnlp,1.0,0.125,2023
Shouling Ji,Zhejiang University,fse,1.0,0.14286,2025
Shouling Ji,Zhejiang University,iccv,1.0,0.14286,2023
Shouling Ji,Zhejiang University,icde,1.0,0.14286,2018
Shouling Ji,Zhejiang University,icde,1.0,0.14286,2019
Shouling Ji,Zhejiang University,icde,1.0,0.11111,2020
Shouling Ji,Zhejiang University,icde,1.0,0.1,2021
Shouling Ji,Zhejiang University,icde,1.0,0.2,2025
Shouling Ji,Zhejiang University,iclr,1.0,0.2,2023
Shouling Ji,Zhejiang University,icml,1.0,0.25,2025
Shouling Ji,Zhejiang University,icse,1.0,0.11111,2022
Shouling Ji,Zhejiang University,ijcai,1.0,0.14286,2019
Shouling Ji,Zhejiang University,ijcai,1.0,0.16667,2021
Shouling Ji,Zhejiang University,ijcai,2.0,0.30952,2024
Shouling Ji,Zhejiang University,ijcai,1.0,0.2,2025
Shouling Ji,Zhejiang University,issta,2.0,0.19091,2022
Shouling Ji,Zhejiang University,issta,1.0,0.11111,2024
Shouling Ji,Zhejiang University,kdd,1.0,0.125,2019
Shouling Ji,Zhejiang University,kdd,1.0,0.2,2020
Shouling Ji,Zhejiang University,ndss,1.0,0.2,2015
Shouling Ji,Zhejiang University,ndss,1.0,0.2,2019
Shouling Ji,Zhejiang University,ndss,1.0,0.14286,2022
Shouling Ji,Zhejiang University,ndss,3.0,0.41071,2024
Shouling Ji,Zhejiang University,ndss,1.0,0.16667,2025
Shouling Ji,Zhejiang University,nips,1.0,0.125,2023
Shouling Ji,Zhejiang University,nips,1.0,0.11111,2024
Shouling Ji,Zhejiang University,oakland,1.0,0.14286,2019
Shouling Ji,Zhejiang University,oakland,1.0,0.25,2020
Shouling Ji,Zhejiang University,oakland,2.0,0.21111,2022
Shouling Ji,Zhejiang University,oakland,1.0,0.125,2023
Shouling Ji,Zhejiang University,oakland,1.0,0.090909,2024
Shouling Ji,Zhejiang University,oakland,2.0,0.30952,2025
Shouling Ji,Zhejiang University,usenixsec,1.0,0.2,2015
Shouling Ji,Zhejiang University,usenixsec,1.0,0.14286,2019
Shouling Ji,Zhejiang University,usenixsec,3.0,0.47619,2020
Shouling Ji,Zhejiang University,usenixsec,3.0,0.42424,2021
Shouling Ji,Zhejiang University,usenixsec,3.0,0.45397,2022
Shouling Ji,Zhejiang University,usenixsec,5.0,0.60397,2023
Shouling Ji,Zhejiang University,usenixsec,6.0,0.85397,2024
Shouling Ji,Zhejiang University,usenixsec,4.0,0.57897,2025
Shouling Ji,Zhejiang University,vis,1.0,0.16667,2025
Shouling Ji,Zhejiang University,vldb,1.0,0.25,2016
Shouling Ji,Zhejiang University,www,1.0,0.33333,2019
Shouling Ji,Zhejiang University,www,1.0,0.125,2025
Shuibing He,Zhejiang University,asplos,1.0,0.14286,2022
Shuibing He,Zhejiang University,asplos,1.0,0.16667,2023
Shuibing He,Zhejiang University,eurosys,1.0,0.14286,2024
Shuibing He,Zhejiang University,fast,2.0,0.36111,2025
Shuibing He,Zhejiang University,hpca,2.0,0.21591,2023
Shuibing He,Zhejiang University,hpca,1.0,0.11111,2025
Shuibing He,Zhejiang University,ics,1.0,0.25,2020
Shuibing He,Zhejiang University,ics,1.0,0.16667,2021
Shuibing He,Zhejiang University,micro,1.0,0.2,2022
Shuibing He,Zhejiang University,sc,1.0,0.16667,2023
Shuibing He,Zhejiang University,sc,1.0,0.1,2024
Shuibing He,Zhejiang University,usenixatc,1.0,0.16667,2024
Shuibing He,Zhejiang University,vldb,1.0,0.1,2025
Shuiguang Deng,Zhejiang University,aaai,1.0,0.2,2024
Shuiguang Deng,Zhejiang University,acl,1.0,0.090909,2024
Shuiguang Deng,Zhejiang University,acl,1.0,0.125,2025
Shuiguang Deng,Zhejiang University,ase,1.0,0.2,2024
Shuiguang Deng,Zhejiang University,asplos,1.0,0.16667,2023
Shuiguang Deng,Zhejiang University,chiconf,1.0,0.14286,2018
Shuiguang Deng,Zhejiang University,cvpr,1.0,0.16667,2025
Shuiguang Deng,Zhejiang University,dac,1.0,0.2,2024
Shuiguang Deng,Zhejiang University,icde,2.0,0.29167,2024
Shuiguang Deng,Zhejiang University,icde,1.0,0.16667,2025
Shuiguang Deng,Zhejiang University,icml,1.0,0.16667,2024
Shuiguang Deng,Zhejiang University,ijcai,1.0,0.2,2024
Shuiguang Deng,Zhejiang University,ijcai,4.0,0.54091,2025
Shuiguang Deng,Zhejiang University,issta,1.0,0.16667,2023
Shuiguang Deng,Zhejiang University,kdd,1.0,0.25,2023
Shuiguang Deng,Zhejiang University,kdd,1.0,0.14286,2024
Shuiguang Deng,Zhejiang University,nips,1.0,0.25,2024
Shuiguang Deng,Zhejiang University,sigmod,1.0,0.1,2025
Shuiguang Deng,Zhejiang University,usenixsec,1.0,0.090909,2021
Shuiguang Deng,Zhejiang University,www,1.0,0.16667,2022
Shuiguang Deng,Zhejiang University,www,2.0,0.375,2024
Shuiguang Deng,Zhejiang University,www,1.0,0.11111,2025
Siliang Tang,Zhejiang University,aaai,1.0,0.16667,2013
Siliang Tang,Zhejiang University,aaai,1.0,0.125,2019
Siliang Tang,Zhejiang University,aaai,1.0,0.14286,2020
Siliang Tang,Zhejiang University,aaai,3.0,0.50952,2021
Siliang Tang,Zhejiang University,aaai,1.0,0.14286,2022
Siliang Tang,Zhejiang University,aaai,1.0,0.25,2023
Siliang Tang,Zhejiang University,aaai,1.0,0.16667,2024
Siliang Tang,Zhejiang University,acl,1.0,0.16667,2020
Siliang Tang,Zhejiang University,acl,1.0,0.16667,2021
Siliang Tang,Zhejiang University,acl,1.0,0.16667,2022
Siliang Tang,Zhejiang University,acl,1.0,0.2,2024
Siliang Tang,Zhejiang University,acl,2.0,0.18333,2025
Siliang Tang,Zhejiang University,cvpr,1.0,0.14286,2020
Siliang Tang,Zhejiang University,cvpr,2.0,0.23611,2022
Siliang Tang,Zhejiang University,cvpr,2.0,0.25397,2024
Siliang Tang,Zhejiang University,cvpr,3.0,0.31111,2025
Siliang Tang,Zhejiang University,emnlp,1.0,0.2,2017
Siliang Tang,Zhejiang University,emnlp,1.0,0.11111,2019
Siliang Tang,Zhejiang University,emnlp,3.0,0.55952,2022
Siliang Tang,Zhejiang University,emnlp,1.0,0.16667,2024
Siliang Tang,Zhejiang University,iccv,2.0,0.23611,2021
Siliang Tang,Zhejiang University,iccv,3.0,0.43333,2023
Siliang Tang,Zhejiang University,iclr,1.0,0.1,2024
Siliang Tang,Zhejiang University,icml,1.0,0.16667,2022
Siliang Tang,Zhejiang University,icml,1.0,0.2,2023
Siliang Tang,Zhejiang University,icml,3.0,0.28874,2024
Siliang Tang,Zhejiang University,icml,4.0,0.27484,2025
Siliang Tang,Zhejiang University,ijcai,1.0,0.16667,2015
Siliang Tang,Zhejiang University,ijcai,2.0,0.30952,2020
Siliang Tang,Zhejiang University,ijcai,1.0,0.25,2022
Siliang Tang,Zhejiang University,ijcai,1.0,0.25,2023
Siliang Tang,Zhejiang University,ijcai,1.0,0.25,2024
Siliang Tang,Zhejiang University,ijcai,1.0,0.14286,2025
Siliang Tang,Zhejiang University,kdd,1.0,0.11111,2022
Siliang Tang,Zhejiang University,naacl,1.0,0.14286,2019
Siliang Tang,Zhejiang University,nips,1.0,0.125,2021
Siliang Tang,Zhejiang University,nips,1.0,0.11111,2022
Siliang Tang,Zhejiang University,nips,2.0,0.21111,2024
Siliang Tang,Zhejiang University,sigir,1.0,0.16667,2013
Siliang Tang,Zhejiang University,sigir,1.0,0.1,2024
Siliang Tang,Zhejiang University,www,2.0,0.41667,2024
Siliang Tang,Zhejiang University,www,1.0,0.125,2025
Siwei Tan,Zhejiang University,asplos,2.0,0.24286,2024
Siwei Tan,Zhejiang University,dac,1.0,0.16667,2024
Siwei Tan,Zhejiang University,dac,1.0,0.125,2025
Siwei Tan,Zhejiang University,fse,1.0,0.125,2025
Siwei Tan,Zhejiang University,hpca,1.0,0.14286,2023
Siwei Tan,Zhejiang University,hpca,1.0,0.2,2025
Siwei Tan,Zhejiang University,iccad,1.0,0.16667,2023
Siwei Tan,Zhejiang University,isca,1.0,0.125,2025
Siwei Tan,Zhejiang University,micro,1.0,0.083333,2023
Siwei Tan,Zhejiang University,vis,1.0,0.090909,2023
Siwei Tan,Zhejiang University,vis,1.0,0.11111,2024
Smita Krishnaswamy,Yale University,cvpr,1.0,0.5,2019
Smita Krishnaswamy,Yale University,dac,1.0,0.33333,2008
Smita Krishnaswamy,Yale University,dac,1.0,0.33333,2009
Smita Krishnaswamy,Yale University,dac,1.0,0.33333,2012
Smita Krishnaswamy,Yale University,iccad,1.0,0.25,2007
Smita Krishnaswamy,Yale University,iccad,1.0,0.25,2009
Smita Krishnaswamy,Yale University,iccad,1.0,0.33333,2010
Smita Krishnaswamy,Yale University,icml,1.0,0.5,2018
Smita Krishnaswamy,Yale University,icml,1.0,0.2,2020
Smita Krishnaswamy,Yale University,icml,1.0,0.125,2021
Smita Krishnaswamy,Yale University,icml,1.0,0.125,2023
Smita Krishnaswamy,Yale University,nips,1.0,0.25,2018
Smita Krishnaswamy,Yale University,nips,1.0,0.25,2019
Smita Krishnaswamy,Yale University,nips,1.0,0.14286,2020
Smita Krishnaswamy,Yale University,nips,2.0,0.28571,2022
Smita Krishnaswamy,Yale University,nips,1.0,0.14286,2023
Smita Krishnaswamy,Yale University,recomb,1.0,0.125,2024
Song Li 0006,Zhejiang University,ccs,1.0,0.25,2017
Song Li 0006,Zhejiang University,ccs,1.0,0.25,2023
Song Li 0006,Zhejiang University,fse,1.0,0.25,2021
Song Li 0006,Zhejiang University,fse,1.0,0.11111,2025
Song Li 0006,Zhejiang University,imc,1.0,0.5,2020
Song Li 0006,Zhejiang University,ndss,1.0,0.33333,2017
Song Li 0006,Zhejiang University,ndss,1.0,0.33333,2022
Song Li 0006,Zhejiang University,oakland,1.0,0.14286,2023
Song Li 0006,Zhejiang University,oakland,1.0,0.14286,2025
Song Li 0006,Zhejiang University,usenixsec,1.0,0.25,2019
Song Li 0006,Zhejiang University,usenixsec,1.0,0.25,2022
Song Li 0006,Zhejiang University,www,1.0,0.2,2025
Steven W. Zucker,Yale University,cvpr,2.0,1.0,1996
Steven W. Zucker,Yale University,cvpr,2.0,0.75,1997
Steven W. Zucker,Yale University,cvpr,2.0,0.58333,1999
Steven W. Zucker,Yale University,cvpr,1.0,0.5,2003
Steven W. Zucker,Yale University,cvpr,1.0,0.5,2006
Steven W. Zucker,Yale University,eccv,1.0,0.5,1994
Steven W. Zucker,Yale University,eccv,2.0,1.0,1996
Steven W. Zucker,Yale University,eccv,1.0,0.33333,1998
Steven W. Zucker,Yale University,eccv,1.0,0.5,2000
Steven W. Zucker,Yale University,eccv,1.0,0.5,2002
Steven W. Zucker,Yale University,eccv,1.0,0.5,2006
Steven W. Zucker,Yale University,iccv,1.0,0.25,1988
Steven W. Zucker,Yale University,iccv,1.0,0.5,1993
Steven W. Zucker,Yale University,iccv,1.0,0.5,1995
Steven W. Zucker,Yale University,iccv,2.0,0.58333,1998
Steven W. Zucker,Yale University,iccv,2.0,0.58333,1999
Steven W. Zucker,Yale University,iccv,1.0,0.5,2001
Steven W. Zucker,Yale University,iccv,1.0,0.5,2005
Steven W. Zucker,Yale University,iccv,1.0,0.33333,2007
Steven W. Zucker,Yale University,iclr,1.0,0.2,2024
Steven W. Zucker,Yale University,icra,1.0,0.5,1988
Steven W. Zucker,Yale University,ijcai,1.0,0.33333,1975
Steven W. Zucker,Yale University,nips,1.0,0.5,2013
Steven W. Zucker,Yale University,nips,1.0,0.5,2014
Steven W. Zucker,Yale University,siggraph,1.0,0.5,1981
Tesca Fitzgerald,Yale University,iclr,1.0,0.14286,2025
Tesca Fitzgerald,Yale University,ijcai,1.0,0.14286,2021
Theodore Kim,Yale University,eurographics,1.0,1.0,2015
Theodore Kim,Yale University,eurographics,1.0,0.16667,2019
Theodore Kim,Yale University,eurographics,2.0,1.25,2020
Theodore Kim,Yale University,siggraph,1.0,0.25,2008
Theodore Kim,Yale University,siggraph,1.0,0.5,2013
Theodore Kim,Yale University,siggraph,1.0,0.33333,2014
Theodore Kim,Yale University,siggraph,1.0,0.25,2015
Theodore Kim,Yale University,siggraph,2.0,0.58333,2018
Theodore Kim,Yale University,siggraph,1.0,0.33333,2019
Theodore Kim,Yale University,siggraph,1.0,0.33333,2021
Theodore Kim,Yale University,siggraph,1.0,0.33333,2025
Theodore Kim,Yale University,siggraph-asia,1.0,0.33333,2008
Theodore Kim,Yale University,siggraph-asia,1.0,0.5,2009
Theodore Kim,Yale University,siggraph-asia,1.0,0.2,2015
Theodore Kim,Yale University,siggraph-asia,2.0,0.5,2016
Theodore Kim,Yale University,siggraph-asia,1.0,0.25,2021
Theodore Kim,Yale University,siggraph-asia,1.0,0.25,2024
Tianjia Shao,Zhejiang University,aaai,3.0,0.45833,2021
Tianjia Shao,Zhejiang University,aaai,2.0,0.36667,2022
Tianjia Shao,Zhejiang University,aaai,1.0,0.16667,2025
Tianjia Shao,Zhejiang University,cvpr,1.0,0.25,2020
Tianjia Shao,Zhejiang University,cvpr,2.0,0.34286,2021
Tianjia Shao,Zhejiang University,cvpr,1.0,0.16667,2024
Tianjia Shao,Zhejiang University,cvpr,4.0,0.74091,2025
Tianjia Shao,Zhejiang University,eurographics,1.0,0.16667,2011
Tianjia Shao,Zhejiang University,eurographics,1.0,0.16667,2018
Tianjia Shao,Zhejiang University,eurographics,1.0,0.25,2025
Tianjia Shao,Zhejiang University,iccv,1.0,0.2,2021
Tianjia Shao,Zhejiang University,ijcai,1.0,0.2,2021
Tianjia Shao,Zhejiang University,siggraph,1.0,0.2,2010
Tianjia Shao,Zhejiang University,siggraph,1.0,0.16667,2013
Tianjia Shao,Zhejiang University,siggraph,2.0,0.4,2016
Tianjia Shao,Zhejiang University,siggraph,1.0,0.14286,2021
Tianjia Shao,Zhejiang University,siggraph,1.0,0.11111,2022
Tianjia Shao,Zhejiang University,siggraph,1.0,0.2,2023
Tianjia Shao,Zhejiang University,siggraph,1.0,0.2,2024
Tianjia Shao,Zhejiang University,siggraph,2.0,0.30952,2025
Tianjia Shao,Zhejiang University,siggraph-asia,1.0,0.16667,2012
Tianjia Shao,Zhejiang University,siggraph-asia,1.0,0.14286,2014
Tianjia Shao,Zhejiang University,siggraph-asia,1.0,0.2,2016
Tianjia Shao,Zhejiang University,siggraph-asia,1.0,0.2,2018
Tianjia Shao,Zhejiang University,siggraph-asia,2.0,0.45,2019
Tianjia Shao,Zhejiang University,siggraph-asia,1.0,0.1,2021
Tianjia Shao,Zhejiang University,siggraph-asia,1.0,0.090909,2023
Tianjia Shao,Zhejiang University,siggraph-asia,1.0,0.14286,2024
Wei Chen 0001,Zhejiang University,aaai,1.0,0.25,2020
Wei Chen 0001,Zhejiang University,aaai,1.0,0.16667,2021
Wei Chen 0001,Zhejiang University,acl,1.0,0.14286,2024
Wei Chen 0001,Zhejiang University,acl,2.0,0.24286,2025
Wei Chen 0001,Zhejiang University,cvpr,1.0,0.25,2019
Wei Chen 0001,Zhejiang University,cvpr,1.0,0.16667,2024
Wei Chen 0001,Zhejiang University,eccv,1.0,0.14286,2022
Wei Chen 0001,Zhejiang University,eccv,2.0,0.5,2024
Wei Chen 0001,Zhejiang University,eurographics,1.0,0.2,2006
Wei Chen 0001,Zhejiang University,eurographics,1.0,0.33333,2007
Wei Chen 0001,Zhejiang University,eurographics,2.0,0.45,2008
Wei Chen 0001,Zhejiang University,eurographics,3.0,0.7,2009
Wei Chen 0001,Zhejiang University,eurographics,1.0,0.25,2010
Wei Chen 0001,Zhejiang University,eurographics,1.0,0.2,2011
Wei Chen 0001,Zhejiang University,eurographics,2.0,0.45,2015
Wei Chen 0001,Zhejiang University,eurographics,1.0,0.2,2016
Wei Chen 0001,Zhejiang University,iccv,1.0,0.11111,2023
Wei Chen 0001,Zhejiang University,icde,1.0,0.047619,2025
Wei Chen 0001,Zhejiang University,iclr,1.0,0.14286,2025
Wei Chen 0001,Zhejiang University,icml,1.0,0.125,2021
Wei Chen 0001,Zhejiang University,ijcai,1.0,0.16667,2025
Wei Chen 0001,Zhejiang University,kdd,1.0,0.16667,2024
Wei Chen 0001,Zhejiang University,nips,2.0,0.39286,2022
Wei Chen 0001,Zhejiang University,nips,2.0,0.26667,2024
Wei Chen 0001,Zhejiang University,siggraph-asia,1.0,0.16667,2014
Wei Chen 0001,Zhejiang University,vis,1.0,0.25,2004
Wei Chen 0001,Zhejiang University,vis,4.0,0.65,2009
Wei Chen 0001,Zhejiang University,vis,1.0,0.33333,2011
Wei Chen 0001,Zhejiang University,vis,1.0,0.16667,2012
Wei Chen 0001,Zhejiang University,vis,2.0,0.29167,2014
Wei Chen 0001,Zhejiang University,vis,2.0,0.35,2017
Wei Chen 0001,Zhejiang University,vis,2.0,0.28571,2018
Wei Chen 0001,Zhejiang University,vis,5.0,0.64683,2019
Wei Chen 0001,Zhejiang University,vis,4.0,0.49008,2020
Wei Chen 0001,Zhejiang University,vis,6.0,0.8373,2021
Wei Chen 0001,Zhejiang University,vis,2.0,0.26786,2022
Wei Chen 0001,Zhejiang University,vis,5.0,0.64015,2023
Wei Chen 0001,Zhejiang University,vis,3.0,0.36111,2024
Wei Dong 0001,Zhejiang University,acl,1.0,0.14286,2025
Wei Dong 0001,Zhejiang University,ccs,1.0,0.14286,2025
Wei Dong 0001,Zhejiang University,mobicom,1.0,0.2,2017
Wei Dong 0001,Zhejiang University,mobicom,1.0,0.16667,2020
Wei Dong 0001,Zhejiang University,mobicom,1.0,0.16667,2025
Wei Dong 0001,Zhejiang University,mobisys,2.0,0.39286,2022
Wei Dong 0001,Zhejiang University,mobisys,1.0,0.2,2025
Wei Dong 0001,Zhejiang University,nsdi,1.0,0.14286,2023
Wei Dong 0001,Zhejiang University,rtss,1.0,0.25,2012
Wei Dong 0001,Zhejiang University,rtss,1.0,0.2,2013
Wei Dong 0001,Zhejiang University,sensys,1.0,0.2,2024
Wei Dong 0001,Zhejiang University,sigmetrics,1.0,0.2,2010
Wei Dong 0001,Zhejiang University,ubicomp,1.0,0.2,2017
Wei Dong 0001,Zhejiang University,ubicomp,1.0,0.33333,2018
Wei Dong 0001,Zhejiang University,ubicomp,1.0,0.2,2019
Wei Dong 0001,Zhejiang University,ubicomp,3.0,0.66667,2024
Wei Dong 0001,Zhejiang University,ubicomp,1.0,0.25,2025
Wei Dong 0001,Zhejiang University,usenixatc,1.0,0.16667,2024
Wei Dong 0001,Zhejiang University,www,1.0,0.33333,2024
Wei Dong 0001,Zhejiang University,www,1.0,0.2,2025
Weidong Geng,Zhejiang University,eccv,1.0,0.33333,2014
Weidong Geng,Zhejiang University,eccv,1.0,0.125,2016
Weidong Geng,Zhejiang University,iccv,1.0,0.14286,2021
Weidong Geng,Zhejiang University,ijcai,1.0,0.14286,2017
Weidong Geng,Zhejiang University,ijcai,1.0,0.16667,2024
Weiming Lu 0001,Zhejiang University,aaai,1.0,0.2,2013
Weiming Lu 0001,Zhejiang University,aaai,1.0,0.25,2019
Weiming Lu 0001,Zhejiang University,aaai,1.0,0.125,2024
Weiming Lu 0001,Zhejiang University,aaai,1.0,0.25,2025
Weiming Lu 0001,Zhejiang University,acl,1.0,0.16667,2021
Weiming Lu 0001,Zhejiang University,acl,2.0,0.325,2022
Weiming Lu 0001,Zhejiang University,acl,2.0,0.29167,2023
Weiming Lu 0001,Zhejiang University,acl,4.0,0.53452,2024
Weiming Lu 0001,Zhejiang University,acl,2.0,0.41667,2025
Weiming Lu 0001,Zhejiang University,emnlp,1.0,0.16667,2020
Weiming Lu 0001,Zhejiang University,emnlp,1.0,0.14286,2021
Weiming Lu 0001,Zhejiang University,emnlp,3.0,0.60119,2022
Weiming Lu 0001,Zhejiang University,emnlp,4.0,0.92063,2023
Weiming Lu 0001,Zhejiang University,emnlp,3.0,0.43377,2024
Weiming Lu 0001,Zhejiang University,ijcai,1.0,0.16667,2015
Weiming Lu 0001,Zhejiang University,ijcai,1.0,0.14286,2016
Weiming Lu 0001,Zhejiang University,ijcai,1.0,0.16667,2020
Weiming Lu 0001,Zhejiang University,ijcai,1.0,0.2,2021
Weiming Lu 0001,Zhejiang University,ijcai,3.0,0.575,2022
Weiming Lu 0001,Zhejiang University,naacl,1.0,0.2,2015
Weiming Lu 0001,Zhejiang University,naacl,1.0,0.2,2021
Weiming Lu 0001,Zhejiang University,naacl,1.0,0.11111,2025
Weiming Lu 0001,Zhejiang University,nips,1.0,0.16667,2023
Weiming Lu 0001,Zhejiang University,nips,2.0,0.36111,2024
Weiming Lu 0001,Zhejiang University,sigir,1.0,0.14286,2023
Weiming Lu 0001,Zhejiang University,www,1.0,0.25,2021
Weiwei Xu,Zhejiang University,cvpr,2.0,0.30952,2025
Weiwei Xu,Zhejiang University,iros,1.0,0.5,2008
Weiwei Xu,Zhejiang University,iros,1.0,0.16667,2025
Weiwei Xu,Zhejiang University,siggraph,1.0,0.16667,2025
Wen Zhang 0015,Zhejiang University,aaai,1.0,0.1,2022
Wen Zhang 0015,Zhejiang University,aaai,3.0,0.43452,2023
Wen Zhang 0015,Zhejiang University,aaai,1.0,0.090909,2024
Wen Zhang 0015,Zhejiang University,aaai,3.0,0.36111,2025
Wen Zhang 0015,Zhejiang University,acl,2.0,0.25758,2025
Wen Zhang 0015,Zhejiang University,emnlp,1.0,0.125,2018
Wen Zhang 0015,Zhejiang University,emnlp,1.0,0.2,2019
Wen Zhang 0015,Zhejiang University,icde,2.0,0.26667,2021
Wen Zhang 0015,Zhejiang University,icde,2.0,0.20168,2023
Wen Zhang 0015,Zhejiang University,iclr,1.0,0.16667,2024
Wen Zhang 0015,Zhejiang University,iclr,1.0,0.125,2025
Wen Zhang 0015,Zhejiang University,ijcai,1.0,0.14286,2020
Wen Zhang 0015,Zhejiang University,ijcai,1.0,0.14286,2022
Wen Zhang 0015,Zhejiang University,ijcai,1.0,0.16667,2023
Wen Zhang 0015,Zhejiang University,kdd,1.0,0.11111,2022
Wen Zhang 0015,Zhejiang University,kdd,1.0,0.16667,2024
Wen Zhang 0015,Zhejiang University,nips,1.0,0.2,2022
Wen Zhang 0015,Zhejiang University,nips,1.0,0.076923,2024
Wen Zhang 0015,Zhejiang University,sigir,2.0,0.21978,2022
Wen Zhang 0015,Zhejiang University,sigir,1.0,0.125,2024
Wen Zhang 0015,Zhejiang University,vldb,1.0,0.2,2024
Wen Zhang 0015,Zhejiang University,www,1.0,0.125,2019
Wen Zhang 0015,Zhejiang University,www,1.0,0.125,2023
Wen Zhang 0015,Zhejiang University,www,1.0,0.125,2025
Wenbo Shen,Zhejiang University,ase,1.0,0.1,2021
Wenbo Shen,Zhejiang University,asplos,1.0,0.16667,2023
Wenbo Shen,Zhejiang University,ccs,1.0,0.125,2014
Wenbo Shen,Zhejiang University,ccs,1.0,0.090909,2021
Wenbo Shen,Zhejiang University,ccs,1.0,0.2,2022
Wenbo Shen,Zhejiang University,ccs,2.0,0.30952,2023
Wenbo Shen,Zhejiang University,ccs,1.0,0.14286,2024
Wenbo Shen,Zhejiang University,ccs,1.0,0.2,2025
Wenbo Shen,Zhejiang University,dac,1.0,0.125,2022
Wenbo Shen,Zhejiang University,eurosys,1.0,0.16667,2022
Wenbo Shen,Zhejiang University,fse,1.0,0.16667,2025
Wenbo Shen,Zhejiang University,icse,2.0,0.26786,2024
Wenbo Shen,Zhejiang University,icse,1.0,0.25,2025
Wenbo Shen,Zhejiang University,issta,3.0,0.42063,2024
Wenbo Shen,Zhejiang University,mobicom,1.0,0.25,2014
Wenbo Shen,Zhejiang University,ndss,1.0,0.14286,2016
Wenbo Shen,Zhejiang University,oakland,1.0,0.25,2013
Wenbo Shen,Zhejiang University,oakland,1.0,0.125,2017
Wenbo Shen,Zhejiang University,oakland,1.0,0.2,2025
Wenbo Shen,Zhejiang University,usenixsec,1.0,0.16667,2019
Wenbo Shen,Zhejiang University,usenixsec,3.0,0.41667,2023
Wenbo Shen,Zhejiang University,usenixsec,1.0,0.2,2024
Wenbo Shen,Zhejiang University,usenixsec,1.0,0.125,2025
Wenjun Hu,Yale University,asplos,1.0,0.5,2018
Wenjun Hu,Yale University,icml,1.0,0.071429,2024
Wenjun Hu,Yale University,mobicom,1.0,0.2,2012
Wenjun Hu,Yale University,mobicom,1.0,0.33333,2013
Wenjun Hu,Yale University,mobicom,1.0,0.14286,2014
Wenjun Hu,Yale University,mobicom,1.0,0.25,2018
Wenjun Hu,Yale University,mobicom,1.0,0.33333,2023
Wenjun Hu,Yale University,mobicom,2.0,0.61111,2024
Wenjun Hu,Yale University,nsdi,1.0,0.14286,2019
Wenjun Hu,Yale University,nsdi,2.0,0.5,2021
Wenjun Hu,Yale University,sigcomm,1.0,0.16667,2006
Wenjun Hu,Yale University,sigcomm,1.0,0.25,2010
Wenjun Hu,Yale University,sigcomm,1.0,0.125,2013
Wenjun Hu,Yale University,sigcomm,1.0,0.2,2021
Wenjun Hu,Yale University,sigmod,2.0,0.66667,2022
Wenjun Hu,Yale University,ubicomp,1.0,0.25,2015
Wenyuan Xu 0001,Zhejiang University,aaai,1.0,0.2,2025
Wenyuan Xu 0001,Zhejiang University,ccs,1.0,0.16667,2012
Wenyuan Xu 0001,Zhejiang University,ccs,1.0,0.14286,2014
Wenyuan Xu 0001,Zhejiang University,ccs,1.0,0.16667,2016
Wenyuan Xu 0001,Zhejiang University,ccs,1.0,0.16667,2017
Wenyuan Xu 0001,Zhejiang University,ccs,2.0,0.45,2019
Wenyuan Xu 0001,Zhejiang University,ccs,2.0,0.36667,2021
Wenyuan Xu 0001,Zhejiang University,ccs,1.0,0.33333,2022
Wenyuan Xu 0001,Zhejiang University,ccs,2.0,0.36667,2023
Wenyuan Xu 0001,Zhejiang University,ccs,4.0,0.59524,2024
Wenyuan Xu 0001,Zhejiang University,ndss,1.0,0.25,2013
Wenyuan Xu 0001,Zhejiang University,ndss,1.0,0.2,2014
Wenyuan Xu 0001,Zhejiang University,ndss,1.0,0.2,2021
Wenyuan Xu 0001,Zhejiang University,ndss,5.0,0.80119,2024
Wenyuan Xu 0001,Zhejiang University,ndss,7.0,1.1917,2025
Wenyuan Xu 0001,Zhejiang University,oakland,1.0,0.125,2013
Wenyuan Xu 0001,Zhejiang University,oakland,1.0,0.16667,2018
Wenyuan Xu 0001,Zhejiang University,oakland,1.0,0.33333,2019
Wenyuan Xu 0001,Zhejiang University,oakland,1.0,0.16667,2020
Wenyuan Xu 0001,Zhejiang University,oakland,1.0,0.14286,2021
Wenyuan Xu 0001,Zhejiang University,oakland,1.0,0.14286,2022
Wenyuan Xu 0001,Zhejiang University,oakland,5.0,0.86667,2023
Wenyuan Xu 0001,Zhejiang University,oakland,2.0,0.34286,2024
Wenyuan Xu 0001,Zhejiang University,usenixsec,1.0,0.11111,2010
Wenyuan Xu 0001,Zhejiang University,usenixsec,1.0,0.16667,2021
Wenyuan Xu 0001,Zhejiang University,usenixsec,3.0,0.56667,2022
Wenyuan Xu 0001,Zhejiang University,usenixsec,7.0,1.2095,2023
Wenyuan Xu 0001,Zhejiang University,usenixsec,1.0,0.125,2025
Wenyuan Xu 0001,Zhejiang University,www,1.0,0.14286,2024
Wenzhi Chen,Zhejiang University,aaai,1.0,0.2,2018
Wenzhi Chen,Zhejiang University,ase,1.0,0.1,2021
Wenzhi Chen,Zhejiang University,asplos,2.0,0.23333,2025
Wenzhi Chen,Zhejiang University,ccs,1.0,0.11111,2021
Wenzhi Chen,Zhejiang University,ccs,2.0,0.325,2023
Wenzhi Chen,Zhejiang University,eurographics,1.0,0.14286,2010
Wenzhi Chen,Zhejiang University,hpca,1.0,0.090909,2023
Wenzhi Chen,Zhejiang University,hpca,1.0,0.083333,2024
Wenzhi Chen,Zhejiang University,hpca,1.0,0.071429,2025
Wenzhi Chen,Zhejiang University,ics,1.0,0.16667,2016
Wenzhi Chen,Zhejiang University,ijcai,1.0,0.14286,2024
Wenzhi Chen,Zhejiang University,ndss,1.0,0.11111,2024
Wenzhi Chen,Zhejiang University,ndss,1.0,0.1,2025
Wenzhi Chen,Zhejiang University,oakland,1.0,0.125,2023
Wenzhi Chen,Zhejiang University,sigcomm,1.0,0.0625,2023
Wenzhi Chen,Zhejiang University,sigcomm,1.0,0.041667,2024
Wenzhi Chen,Zhejiang University,usenixsec,1.0,0.1,2024
Wenzhi Chen,Zhejiang University,usenixsec,2.0,0.23611,2025
Xi Li 0001,Zhejiang University,aaai,2.0,0.36667,2015
Xi Li 0001,Zhejiang University,aaai,1.0,0.2,2018
Xi Li 0001,Zhejiang University,aaai,2.0,0.58333,2019
Xi Li 0001,Zhejiang University,aaai,1.0,0.2,2023
Xi Li 0001,Zhejiang University,aaai,1.0,0.14286,2024
Xi Li 0001,Zhejiang University,aaai,1.0,0.125,2025
Xi Li 0001,Zhejiang University,cvpr,2.0,0.36667,2008
Xi Li 0001,Zhejiang University,cvpr,1.0,0.2,2012
Xi Li 0001,Zhejiang University,cvpr,2.0,0.45,2013
Xi Li 0001,Zhejiang University,cvpr,1.0,0.2,2018
Xi Li 0001,Zhejiang University,cvpr,2.0,0.27778,2020
Xi Li 0001,Zhejiang University,cvpr,1.0,0.2,2021
Xi Li 0001,Zhejiang University,cvpr,1.0,0.5,2022
Xi Li 0001,Zhejiang University,cvpr,4.0,0.64286,2023
Xi Li 0001,Zhejiang University,cvpr,2.0,0.36111,2024
Xi Li 0001,Zhejiang University,eccv,1.0,0.25,2008
Xi Li 0001,Zhejiang University,eccv,1.0,0.33333,2020
Xi Li 0001,Zhejiang University,eccv,7.0,1.3524,2022
Xi Li 0001,Zhejiang University,eccv,1.0,0.2,2024
Xi Li 0001,Zhejiang University,iccv,2.0,0.45,2007
Xi Li 0001,Zhejiang University,iccv,1.0,0.2,2011
Xi Li 0001,Zhejiang University,iccv,1.0,0.2,2013
Xi Li 0001,Zhejiang University,iccv,1.0,0.25,2015
Xi Li 0001,Zhejiang University,iccv,1.0,0.25,2017
Xi Li 0001,Zhejiang University,iccv,2.0,0.45,2021
Xi Li 0001,Zhejiang University,iccv,2.0,0.325,2023
Xi Li 0001,Zhejiang University,icml,1.0,0.2,2013
Xi Li 0001,Zhejiang University,ijcai,3.0,0.53571,2016
Xi Li 0001,Zhejiang University,ijcai,3.0,0.86667,2017
Xi Li 0001,Zhejiang University,ijcai,4.0,0.71786,2018
Xi Li 0001,Zhejiang University,ijcai,2.0,0.41667,2023
Xiang Chen 0001,Zhejiang University,siggraph,1.0,0.16667,2012
Xiang Chen 0001,Zhejiang University,siggraph,1.0,0.25,2014
Xiao Yu 0008,Zhejiang University,ase,1.0,0.16667,2024
Xiao Yu 0008,Zhejiang University,issta,1.0,0.16667,2024
Xiaofei He 0001,Zhejiang University,aaai,1.0,0.33333,2007
Xiaofei He 0001,Zhejiang University,aaai,1.0,0.33333,2008
Xiaofei He 0001,Zhejiang University,aaai,1.0,0.33333,2010
Xiaofei He 0001,Zhejiang University,aaai,3.0,0.59286,2012
Xiaofei He 0001,Zhejiang University,aaai,1.0,0.16667,2014
Xiaofei He 0001,Zhejiang University,aaai,1.0,0.2,2016
Xiaofei He 0001,Zhejiang University,aaai,1.0,0.16667,2017
Xiaofei He 0001,Zhejiang University,aaai,1.0,0.14286,2020
Xiaofei He 0001,Zhejiang University,aaai,1.0,0.2,2022
Xiaofei He 0001,Zhejiang University,aaai,1.0,0.1,2023
Xiaofei He 0001,Zhejiang University,aaai,1.0,0.083333,2025
Xiaofei He 0001,Zhejiang University,acl,1.0,0.16667,2018
Xiaofei He 0001,Zhejiang University,cvpr,1.0,0.2,2007
Xiaofei He 0001,Zhejiang University,cvpr,1.0,0.33333,2009
Xiaofei He 0001,Zhejiang University,cvpr,2.0,0.66667,2011
Xiaofei He 0001,Zhejiang University,cvpr,1.0,0.2,2012
Xiaofei He 0001,Zhejiang University,cvpr,3.0,0.47619,2022
Xiaofei He 0001,Zhejiang University,cvpr,3.0,0.375,2023
Xiaofei He 0001,Zhejiang University,cvpr,1.0,0.083333,2024
Xiaofei He 0001,Zhejiang University,eccv,2.0,0.30952,2022
Xiaofei He 0001,Zhejiang University,eccv,1.0,0.125,2024
Xiaofei He 0001,Zhejiang University,iccv,1.0,0.25,2003
Xiaofei He 0001,Zhejiang University,iccv,1.0,0.25,2005
Xiaofei He 0001,Zhejiang University,iccv,2.0,0.66667,2007
Xiaofei He 0001,Zhejiang University,iccv,1.0,0.5,2009
Xiaofei He 0001,Zhejiang University,iccv,1.0,0.25,2019
Xiaofei He 0001,Zhejiang University,iccv,1.0,0.125,2021
Xiaofei He 0001,Zhejiang University,icde,1.0,0.33333,2008
Xiaofei He 0001,Zhejiang University,iclr,2.0,0.30952,2022
Xiaofei He 0001,Zhejiang University,iclr,1.0,0.1,2024
Xiaofei He 0001,Zhejiang University,iclr,3.0,0.33611,2025
Xiaofei He 0001,Zhejiang University,icml,1.0,0.33333,2005
Xiaofei He 0001,Zhejiang University,icml,1.0,0.33333,2009
Xiaofei He 0001,Zhejiang University,icml,2.0,0.45,2013
Xiaofei He 0001,Zhejiang University,icml,1.0,0.25,2014
Xiaofei He 0001,Zhejiang University,icml,1.0,0.14286,2017
Xiaofei He 0001,Zhejiang University,icml,1.0,0.11111,2021
Xiaofei He 0001,Zhejiang University,icra,1.0,0.2,2023
Xiaofei He 0001,Zhejiang University,ijcai,1.0,0.2,2007
Xiaofei He 0001,Zhejiang University,ijcai,2.0,0.53333,2009
Xiaofei He 0001,Zhejiang University,ijcai,3.0,0.53333,2013
Xiaofei He 0001,Zhejiang University,ijcai,1.0,0.2,2015
Xiaofei He 0001,Zhejiang University,ijcai,2.0,0.4,2016
Xiaofei He 0001,Zhejiang University,ijcai,4.0,0.81667,2017
Xiaofei He 0001,Zhejiang University,ijcai,3.0,0.49167,2018
Xiaofei He 0001,Zhejiang University,ijcai,3.0,0.525,2019
Xiaofei He 0001,Zhejiang University,ijcai,1.0,0.125,2020
Xiaofei He 0001,Zhejiang University,ijcai,1.0,0.14286,2024
Xiaofei He 0001,Zhejiang University,kdd,1.0,0.33333,2010
Xiaofei He 0001,Zhejiang University,kdd,2.0,0.4,2012
Xiaofei He 0001,Zhejiang University,kdd,1.0,0.2,2018
Xiaofei He 0001,Zhejiang University,kdd,1.0,0.14286,2019
Xiaofei He 0001,Zhejiang University,nips,1.0,0.5,2003
Xiaofei He 0001,Zhejiang University,nips,2.0,0.66667,2005
Xiaofei He 0001,Zhejiang University,nips,1.0,0.33333,2011
Xiaofei He 0001,Zhejiang University,nips,1.0,0.2,2012
Xiaofei He 0001,Zhejiang University,nips,1.0,0.14286,2018
Xiaofei He 0001,Zhejiang University,nips,1.0,0.2,2021
Xiaofei He 0001,Zhejiang University,nips,3.0,0.43452,2024
Xiaofei He 0001,Zhejiang University,sigir,2.0,0.5,2004
Xiaofei He 0001,Zhejiang University,sigir,1.0,0.5,2005
Xiaofei He 0001,Zhejiang University,sigir,1.0,0.25,2007
Xiaofei He 0001,Zhejiang University,sigir,2.0,0.28571,2011
Xiaofei He 0001,Zhejiang University,sigir,1.0,0.16667,2013
Xiaofei He 0001,Zhejiang University,sigir,1.0,0.2,2018
Xiaofei He 0001,Zhejiang University,sigmod,1.0,0.25,2016
Xiaofei He 0001,Zhejiang University,www,1.0,0.14286,2010
Xiaofei He 0001,Zhejiang University,www,1.0,0.14286,2013
Xiaogang Jin 0001,Zhejiang University,aaai,1.0,0.16667,2020
Xiaogang Jin 0001,Zhejiang University,aaai,2.0,0.41667,2024
Xiaogang Jin 0001,Zhejiang University,cvpr,1.0,0.33333,2022
Xiaogang Jin 0001,Zhejiang University,cvpr,1.0,0.16667,2024
Xiaogang Jin 0001,Zhejiang University,cvpr,3.0,0.47619,2025
Xiaogang Jin 0001,Zhejiang University,eccv,1.0,0.2,2022
Xiaogang Jin 0001,Zhejiang University,eurographics,1.0,0.33333,2012
Xiaogang Jin 0001,Zhejiang University,eurographics,2.0,0.45,2014
Xiaogang Jin 0001,Zhejiang University,eurographics,1.0,0.2,2015
Xiaogang Jin 0001,Zhejiang University,eurographics,2.0,0.53333,2016
Xiaogang Jin 0001,Zhejiang University,eurographics,1.0,0.16667,2017
Xiaogang Jin 0001,Zhejiang University,eurographics,1.0,0.16667,2020
Xiaogang Jin 0001,Zhejiang University,eurographics,2.0,0.5,2022
Xiaogang Jin 0001,Zhejiang University,eurographics,1.0,0.2,2023
Xiaogang Jin 0001,Zhejiang University,eurographics,1.0,0.2,2025
Xiaogang Jin 0001,Zhejiang University,iccv,1.0,0.25,2023
Xiaogang Jin 0001,Zhejiang University,icra,1.0,0.14286,2016
Xiaogang Jin 0001,Zhejiang University,icra,1.0,0.16667,2019
Xiaogang Jin 0001,Zhejiang University,nips,3.0,0.42063,2024
Xiaogang Jin 0001,Zhejiang University,siggraph,1.0,0.2,2013
Xiaogang Jin 0001,Zhejiang University,siggraph,2.0,0.33333,2014
Xiaogang Jin 0001,Zhejiang University,siggraph,1.0,0.25,2021
Xiaogang Jin 0001,Zhejiang University,siggraph,2.0,0.25397,2022
Xiaogang Jin 0001,Zhejiang University,siggraph,2.0,0.27778,2023
Xiaogang Jin 0001,Zhejiang University,siggraph,2.0,0.21591,2024
Xiaogang Jin 0001,Zhejiang University,siggraph,3.0,0.46591,2025
Xiaogang Jin 0001,Zhejiang University,siggraph-asia,1.0,0.1,2021
Xiaogang Jin 0001,Zhejiang University,siggraph-asia,2.0,0.23377,2023
Xiaogang Jin 0001,Zhejiang University,siggraph-asia,3.0,0.38571,2024
Xiaogang Jin 0001,Zhejiang University,vr,1.0,0.2,2025
Xiaolin Zheng,Zhejiang University,aaai,1.0,0.2,2014
Xiaolin Zheng,Zhejiang University,aaai,1.0,0.2,2016
Xiaolin Zheng,Zhejiang University,aaai,1.0,0.25,2018
Xiaolin Zheng,Zhejiang University,aaai,2.0,0.31111,2023
Xiaolin Zheng,Zhejiang University,aaai,4.0,0.52778,2024
Xiaolin Zheng,Zhejiang University,aaai,3.0,0.425,2025
Xiaolin Zheng,Zhejiang University,acl,1.0,0.2,2023
Xiaolin Zheng,Zhejiang University,cvpr,1.0,0.1,2024
Xiaolin Zheng,Zhejiang University,icde,1.0,0.2,2021
Xiaolin Zheng,Zhejiang University,icde,1.0,0.16667,2022
Xiaolin Zheng,Zhejiang University,iclr,1.0,0.14286,2025
Xiaolin Zheng,Zhejiang University,icml,1.0,0.125,2024
Xiaolin Zheng,Zhejiang University,icml,2.0,0.27778,2025
Xiaolin Zheng,Zhejiang University,ijcai,1.0,0.25,2018
Xiaolin Zheng,Zhejiang University,ijcai,2.0,0.4,2020
Xiaolin Zheng,Zhejiang University,ijcai,1.0,0.25,2021
Xiaolin Zheng,Zhejiang University,ijcai,3.0,0.5,2022
Xiaolin Zheng,Zhejiang University,ijcai,2.0,0.53333,2023
Xiaolin Zheng,Zhejiang University,ijcai,1.0,0.125,2024
Xiaolin Zheng,Zhejiang University,kdd,1.0,0.125,2022
Xiaolin Zheng,Zhejiang University,kdd,1.0,0.125,2024
Xiaolin Zheng,Zhejiang University,nips,1.0,0.25,2018
Xiaolin Zheng,Zhejiang University,nips,1.0,0.25,2021
Xiaolin Zheng,Zhejiang University,nips,1.0,0.125,2023
Xiaolin Zheng,Zhejiang University,nips,1.0,0.11111,2024
Xiaolin Zheng,Zhejiang University,sigir,2.0,0.29167,2022
Xiaolin Zheng,Zhejiang University,sigir,2.0,0.34286,2024
Xiaolin Zheng,Zhejiang University,sigir,1.0,0.1,2025
Xiaolin Zheng,Zhejiang University,www,2.0,0.41667,2022
Xiaolin Zheng,Zhejiang University,www,3.0,0.50952,2023
Xiaolin Zheng,Zhejiang University,www,2.0,0.27778,2025
Xiaowei Zhou 0001,Zhejiang University,aaai,1.0,0.125,2022
Xiaowei Zhou 0001,Zhejiang University,cvpr,1.0,0.33333,2012
Xiaowei Zhou 0001,Zhejiang University,cvpr,1.0,0.25,2013
Xiaowei Zhou 0001,Zhejiang University,cvpr,1.0,0.25,2015
Xiaowei Zhou 0001,Zhejiang University,cvpr,1.0,0.2,2016
Xiaowei Zhou 0001,Zhejiang University,cvpr,2.0,0.5,2017
Xiaowei Zhou 0001,Zhejiang University,cvpr,3.0,0.91667,2018
Xiaowei Zhou 0001,Zhejiang University,cvpr,5.0,0.93333,2019
Xiaowei Zhou 0001,Zhejiang University,cvpr,3.0,0.50952,2020
Xiaowei Zhou 0001,Zhejiang University,cvpr,5.0,0.85397,2021
Xiaowei Zhou 0001,Zhejiang University,cvpr,7.0,0.98849,2022
Xiaowei Zhou 0001,Zhejiang University,cvpr,8.0,1.2234,2023
Xiaowei Zhou 0001,Zhejiang University,cvpr,8.0,1.0829,2024
Xiaowei Zhou 0001,Zhejiang University,cvpr,9.0,1.2242,2025
Xiaowei Zhou 0001,Zhejiang University,eccv,3.0,0.55952,2020
Xiaowei Zhou 0001,Zhejiang University,eccv,4.0,0.52183,2024
Xiaowei Zhou 0001,Zhejiang University,eurographics,1.0,0.16667,2020
Xiaowei Zhou 0001,Zhejiang University,iccv,2.0,0.66667,2015
Xiaowei Zhou 0001,Zhejiang University,iccv,1.0,0.25,2017
Xiaowei Zhou 0001,Zhejiang University,iccv,1.0,0.16667,2019
Xiaowei Zhou 0001,Zhejiang University,iccv,1.0,0.14286,2021
Xiaowei Zhou 0001,Zhejiang University,iccv,3.0,0.50952,2023
Xiaowei Zhou 0001,Zhejiang University,iclr,1.0,0.25,2018
Xiaowei Zhou 0001,Zhejiang University,iclr,1.0,0.2,2024
Xiaowei Zhou 0001,Zhejiang University,iclr,2.0,0.25,2025
Xiaowei Zhou 0001,Zhejiang University,icra,1.0,0.33333,2016
Xiaowei Zhou 0001,Zhejiang University,icra,2.0,0.53333,2017
Xiaowei Zhou 0001,Zhejiang University,icra,1.0,0.2,2018
Xiaowei Zhou 0001,Zhejiang University,icra,1.0,0.33333,2020
Xiaowei Zhou 0001,Zhejiang University,icra,1.0,0.25,2023
Xiaowei Zhou 0001,Zhejiang University,ijcai,1.0,0.25,2022
Xiaowei Zhou 0001,Zhejiang University,nips,1.0,0.16667,2019
Xiaowei Zhou 0001,Zhejiang University,nips,2.0,0.30952,2022
Xiaowei Zhou 0001,Zhejiang University,nips,1.0,0.14286,2023
Xiaowei Zhou 0001,Zhejiang University,siggraph,3.0,0.41071,2022
Xiaowei Zhou 0001,Zhejiang University,siggraph,2.0,0.34286,2025
Xiaowei Zhou 0001,Zhejiang University,siggraph-asia,2.0,0.26786,2022
Xiaowei Zhou 0001,Zhejiang University,siggraph-asia,2.0,0.28571,2023
Xiaowei Zhou 0001,Zhejiang University,siggraph-asia,2.0,0.25397,2024
Xiaowei Zhou 0001,Zhejiang University,vr,1.0,0.16667,2021
Xiaoxue Ren,Zhejiang University,acl,1.0,0.2,2024
Xiaoxue Ren,Zhejiang University,ase,1.0,0.2,2019
Xiaoxue Ren,Zhejiang University,ase,1.0,0.14286,2020
Xiaoxue Ren,Zhejiang University,ase,1.0,0.16667,2021
Xiaoxue Ren,Zhejiang University,ase,1.0,0.2,2023
Xiaoxue Ren,Zhejiang University,fse,1.0,0.16667,2023
Xiaoxue Ren,Zhejiang University,fse,1.0,0.2,2024
Xiaoxue Ren,Zhejiang University,fse,1.0,0.25,2025
Xiaoxue Ren,Zhejiang University,icse,1.0,0.2,2020
Xiaoye Miao,Zhejiang University,aaai,1.0,0.16667,2021
Xiaoye Miao,Zhejiang University,aaai,1.0,0.25,2023
Xiaoye Miao,Zhejiang University,icde,2.0,0.36667,2022
Xiaoye Miao,Zhejiang University,icde,1.0,0.2,2023
Xiaoye Miao,Zhejiang University,icde,1.0,0.16667,2024
Xiaoye Miao,Zhejiang University,icde,4.0,0.55952,2025
Xiaoye Miao,Zhejiang University,ijcai,2.0,0.36667,2025
Xiaoye Miao,Zhejiang University,sigir,1.0,0.2,2025
Xiaoye Miao,Zhejiang University,sigmod,1.0,0.2,2023
Xiaoye Miao,Zhejiang University,sigmod,1.0,0.2,2024
Xiaoye Miao,Zhejiang University,sigmod,1.0,0.1,2025
Xiaoye Miao,Zhejiang University,vldb,1.0,0.16667,2019
Xiaoye Miao,Zhejiang University,vldb,1.0,0.16667,2021
Xiaoye Miao,Zhejiang University,vldb,1.0,0.16667,2024
Xiaoye Miao,Zhejiang University,vldb,1.0,0.2,2025
Xiaoye Miao,Zhejiang University,wine,1.0,0.25,2023
Xin Xia 0001,Zhejiang University,ase,1.0,0.33333,2014
Xin Xia 0001,Zhejiang University,ase,1.0,0.16667,2016
Xin Xia 0001,Zhejiang University,ase,1.0,0.25,2017
Xin Xia 0001,Zhejiang University,ase,2.0,0.36667,2018
Xin Xia 0001,Zhejiang University,ase,3.0,0.56667,2019
Xin Xia 0001,Zhejiang University,ase,4.0,0.92619,2020
Xin Xia 0001,Zhejiang University,ase,5.0,0.81905,2021
Xin Xia 0001,Zhejiang University,ase,2.0,0.26786,2022
Xin Xia 0001,Zhejiang University,ase,3.0,0.58333,2023
Xin Xia 0001,Zhejiang University,ase,4.0,0.70238,2024
Xin Xia 0001,Zhejiang University,fse,1.0,0.16667,2020
Xin Xia 0001,Zhejiang University,fse,3.0,0.50952,2021
Xin Xia 0001,Zhejiang University,fse,6.0,0.87063,2022
Xin Xia 0001,Zhejiang University,fse,4.0,0.67619,2023
Xin Xia 0001,Zhejiang University,fse,5.0,1.0,2025
Xin Xia 0001,Zhejiang University,icse,3.0,0.61667,2019
Xin Xia 0001,Zhejiang University,icse,1.0,0.2,2020
Xin Xia 0001,Zhejiang University,icse,4.0,0.7,2021
Xin Xia 0001,Zhejiang University,icse,4.0,0.72619,2022
Xin Xia 0001,Zhejiang University,icse,6.0,1.0929,2023
Xin Xia 0001,Zhejiang University,icse,9.0,1.519,2024
Xin Xia 0001,Zhejiang University,icse,4.0,0.72619,2025
Xin Xia 0001,Zhejiang University,ijcai,1.0,0.16667,2018
Xin Xia 0001,Zhejiang University,issta,1.0,0.25,2016
Xin Xia 0001,Zhejiang University,issta,1.0,0.25,2023
Xin Xia 0001,Zhejiang University,issta,3.0,0.5,2024
Xin Xia 0001,Zhejiang University,nips,1.0,0.2,2019
Xin Xia 0001,Zhejiang University,ubicomp,1.0,0.14286,2019
Xin Xia 0001,Zhejiang University,usenixsec,1.0,0.2,2025
Xing Hu 0008,Zhejiang University,ase,2.0,0.36667,2021
Xing Hu 0008,Zhejiang University,ase,2.0,0.33333,2023
Xing Hu 0008,Zhejiang University,ase,2.0,0.41667,2024
Xing Hu 0008,Zhejiang University,fse,1.0,0.125,2022
Xing Hu 0008,Zhejiang University,fse,1.0,0.14286,2023
Xing Hu 0008,Zhejiang University,fse,1.0,0.16667,2024
Xing Hu 0008,Zhejiang University,fse,6.0,1.1012,2025
Xing Hu 0008,Zhejiang University,icse,1.0,0.16667,2022
Xing Hu 0008,Zhejiang University,icse,2.0,0.30952,2023
Xing Hu 0008,Zhejiang University,icse,9.0,1.4302,2024
Xing Hu 0008,Zhejiang University,icse,3.0,0.47619,2025
Xing Hu 0008,Zhejiang University,ijcai,1.0,0.16667,2018
Xing Hu 0008,Zhejiang University,issta,4.0,0.625,2024
Xinguo Liu,Zhejiang University,cvpr,1.0,0.25,2003
Xinguo Liu,Zhejiang University,cvpr,1.0,0.25,2013
Xinguo Liu,Zhejiang University,eurographics,1.0,0.2,2001
Xinguo Liu,Zhejiang University,eurographics,1.0,0.2,2007
Xinguo Liu,Zhejiang University,eurographics,1.0,0.25,2009
Xinguo Liu,Zhejiang University,eurographics,1.0,0.2,2016
Xinguo Liu,Zhejiang University,eurographics,1.0,0.2,2022
Xinguo Liu,Zhejiang University,iccv,1.0,0.25,2021
Xinguo Liu,Zhejiang University,siggraph,1.0,0.33333,2001
Xinguo Liu,Zhejiang University,siggraph,1.0,0.25,2003
Xinguo Liu,Zhejiang University,siggraph,1.0,0.14286,2005
Xinguo Liu,Zhejiang University,siggraph,2.0,0.21111,2006
Xinguo Liu,Zhejiang University,siggraph,1.0,0.25,2010
Xinguo Liu,Zhejiang University,siggraph-asia,1.0,0.16667,2008
Xinguo Liu,Zhejiang University,siggraph-asia,1.0,0.2,2015
Xinyu Wang 0001,Zhejiang University,aaai,1.0,0.16667,2024
Xinyu Wang 0001,Zhejiang University,aaai,1.0,0.14286,2025
Xinyu Wang 0001,Zhejiang University,ase,2.0,0.36667,2018
Xinyu Wang 0001,Zhejiang University,ase,1.0,0.125,2020
Xinyu Wang 0001,Zhejiang University,eccv,1.0,0.14286,2024
Xinyu Wang 0001,Zhejiang University,icse,1.0,0.16667,2018
Xinyu Wang 0001,Zhejiang University,icse,1.0,0.2,2019
Xinyu Wang 0001,Zhejiang University,icse,1.0,0.125,2020
Xinyu Wang 0001,Zhejiang University,icse,1.0,0.2,2021
Xinyu Wang 0001,Zhejiang University,ijcai,1.0,0.25,2025
Xinyu Wang 0001,Zhejiang University,issta,1.0,0.16667,2013
Xinyu Wang 0001,Zhejiang University,kdd,1.0,0.14286,2021
Xinyu Wang 0001,Zhejiang University,vldb,1.0,0.1,2025
Xunzhao Yin,Zhejiang University,dac,3.0,0.59286,2021
Xunzhao Yin,Zhejiang University,dac,4.0,0.70833,2022
Xunzhao Yin,Zhejiang University,dac,4.0,0.65833,2024
Xunzhao Yin,Zhejiang University,dac,4.0,0.63452,2025
Xunzhao Yin,Zhejiang University,iccad,1.0,0.14286,2016
Xunzhao Yin,Zhejiang University,iccad,1.0,0.33333,2017
Xunzhao Yin,Zhejiang University,iccad,1.0,0.125,2018
Xunzhao Yin,Zhejiang University,iccad,1.0,0.083333,2019
Xunzhao Yin,Zhejiang University,iccad,3.0,0.45833,2020
Xunzhao Yin,Zhejiang University,iccad,2.0,0.25758,2021
Xunzhao Yin,Zhejiang University,iccad,1.0,0.090909,2022
Xunzhao Yin,Zhejiang University,iccad,1.0,0.1,2023
Xunzhao Yin,Zhejiang University,iccad,3.0,0.40043,2024
Xunzhao Yin,Zhejiang University,iccad,3.0,0.34722,2025
Yajin Zhou,Zhejiang University,ase,1.0,0.14286,2020
Yajin Zhou,Zhejiang University,ase,2.0,0.24286,2021
Yajin Zhou,Zhejiang University,asplos,1.0,0.125,2022
Yajin Zhou,Zhejiang University,asplos,1.0,0.16667,2023
Yajin Zhou,Zhejiang University,ccs,1.0,0.2,2013
Yajin Zhou,Zhejiang University,ccs,1.0,0.25,2014
Yajin Zhou,Zhejiang University,ccs,2.0,0.30952,2019
Yajin Zhou,Zhejiang University,ccs,1.0,0.11111,2021
Yajin Zhou,Zhejiang University,ccs,2.0,0.25397,2023
Yajin Zhou,Zhejiang University,ccs,1.0,0.25,2024
Yajin Zhou,Zhejiang University,dac,1.0,0.125,2022
Yajin Zhou,Zhejiang University,dac,1.0,0.2,2023
Yajin Zhou,Zhejiang University,eurosys,1.0,0.16667,2022
Yajin Zhou,Zhejiang University,eurosys,1.0,0.25,2025
Yajin Zhou,Zhejiang University,fse,1.0,0.16667,2017
Yajin Zhou,Zhejiang University,fse,1.0,0.14286,2025
Yajin Zhou,Zhejiang University,issta,1.0,0.16667,2020
Yajin Zhou,Zhejiang University,issta,1.0,0.14286,2021
Yajin Zhou,Zhejiang University,issta,1.0,0.14286,2022
Yajin Zhou,Zhejiang University,issta,1.0,0.1,2023
Yajin Zhou,Zhejiang University,issta,1.0,0.14286,2024
Yajin Zhou,Zhejiang University,mobisys,1.0,0.2,2012
Yajin Zhou,Zhejiang University,ndss,2.0,0.5,2012
Yajin Zhou,Zhejiang University,ndss,1.0,0.5,2013
Yajin Zhou,Zhejiang University,ndss,1.0,0.2,2014
Yajin Zhou,Zhejiang University,ndss,1.0,0.2,2021
Yajin Zhou,Zhejiang University,ndss,1.0,0.16667,2022
Yajin Zhou,Zhejiang University,ndss,1.0,0.16667,2025
Yajin Zhou,Zhejiang University,oakland,1.0,0.5,2012
Yajin Zhou,Zhejiang University,oakland,1.0,0.125,2021
Yajin Zhou,Zhejiang University,oakland,2.0,0.375,2023
Yajin Zhou,Zhejiang University,sigmetrics,1.0,0.14286,2020
Yajin Zhou,Zhejiang University,sigmetrics,2.0,0.34286,2024
Yajin Zhou,Zhejiang University,sigmetrics,2.0,0.30952,2025
Yajin Zhou,Zhejiang University,sosp,1.0,0.14286,2021
Yajin Zhou,Zhejiang University,usenixatc,1.0,0.2,2015
Yajin Zhou,Zhejiang University,usenixatc,1.0,0.14286,2024
Yajin Zhou,Zhejiang University,usenixsec,1.0,0.2,2017
Yajin Zhou,Zhejiang University,usenixsec,3.0,0.34488,2022
Yajin Zhou,Zhejiang University,usenixsec,1.0,0.16667,2023
Yajin Zhou,Zhejiang University,usenixsec,1.0,0.2,2024
Yajin Zhou,Zhejiang University,usenixsec,2.0,0.325,2025
Yajin Zhou,Zhejiang University,www,1.0,0.125,2021
Yajin Zhou,Zhejiang University,www,1.0,0.1,2024
Yang Cai 0001,Yale University,ec,1.0,0.5,2014
Yang Cai 0001,Yale University,ec,1.0,0.5,2019
Yang Cai 0001,Yale University,ec,1.0,0.33333,2020
Yang Cai 0001,Yale University,ec,1.0,0.5,2021
Yang Cai 0001,Yale University,ec,2.0,0.75,2022
Yang Cai 0001,Yale University,ec,1.0,0.5,2023
Yang Cai 0001,Yale University,focs,1.0,0.5,2011
Yang Cai 0001,Yale University,focs,1.0,0.33333,2012
Yang Cai 0001,Yale University,focs,1.0,0.33333,2013
Yang Cai 0001,Yale University,focs,1.0,0.5,2017
Yang Cai 0001,Yale University,focs,1.0,0.33333,2023
Yang Cai 0001,Yale University,fse,1.0,0.33333,2009
Yang Cai 0001,Yale University,iclr,1.0,0.5,2023
Yang Cai 0001,Yale University,iclr,1.0,0.14286,2025
Yang Cai 0001,Yale University,icml,1.0,0.5,2023
Yang Cai 0001,Yale University,icml,1.0,0.33333,2024
Yang Cai 0001,Yale University,lics,1.0,0.33333,2009
Yang Cai 0001,Yale University,nips,1.0,0.25,2018
Yang Cai 0001,Yale University,nips,1.0,0.33333,2022
Yang Cai 0001,Yale University,nips,1.0,0.25,2023
Yang Cai 0001,Yale University,nips,3.0,0.59286,2024
Yang Cai 0001,Yale University,sigmetrics,1.0,0.16667,2020
Yang Cai 0001,Yale University,soda,1.0,0.5,2011
Yang Cai 0001,Yale University,soda,2.0,0.83333,2013
Yang Cai 0001,Yale University,soda,1.0,0.25,2016
Yang Cai 0001,Yale University,soda,2.0,0.5,2021
Yang Cai 0001,Yale University,stoc,1.0,0.33333,2012
Yang Cai 0001,Yale University,stoc,1.0,0.33333,2016
Yang Cai 0001,Yale University,stoc,1.0,0.5,2017
Yang Cai 0001,Yale University,stoc,1.0,0.33333,2022
Yang Cai 0001,Yale University,stoc,1.0,0.5,2023
Yang Cai 0001,Yale University,stoc,1.0,0.25,2024
Yang Cai 0001,Yale University,wine,1.0,0.25,2013
Yang Cai 0001,Yale University,wine,1.0,0.25,2014
Yang Cai 0001,Yale University,wine,1.0,0.33333,2015
Yang Cai 0001,Yale University,www,1.0,0.2,2024
Yang Richard Yang,Yale University,aaai,1.0,0.16667,2019
Yang Richard Yang,Yale University,mobicom,1.0,0.25,2005
Yang Richard Yang,Yale University,mobicom,1.0,0.14286,2006
Yang Richard Yang,Yale University,mobicom,1.0,0.2,2008
Yang Richard Yang,Yale University,mobicom,1.0,0.2,2010
Yang Richard Yang,Yale University,mobicom,1.0,0.14286,2012
Yang Richard Yang,Yale University,nsdi,1.0,0.16667,2010
Yang Richard Yang,Yale University,sc,1.0,0.11111,2018
Yang Richard Yang,Yale University,sigcomm,1.0,0.25,2001
Yang Richard Yang,Yale University,sigcomm,1.0,0.25,2003
Yang Richard Yang,Yale University,sigcomm,1.0,0.2,2004
Yang Richard Yang,Yale University,sigcomm,1.0,0.16667,2006
Yang Richard Yang,Yale University,sigcomm,1.0,0.16667,2007
Yang Richard Yang,Yale University,sigcomm,2.0,0.53333,2008
Yang Richard Yang,Yale University,sigcomm,1.0,0.14286,2010
Yang Richard Yang,Yale University,sigcomm,2.0,0.45,2012
Yang Richard Yang,Yale University,sigcomm,1.0,0.2,2013
Yang Richard Yang,Yale University,sigcomm,1.0,0.33333,2018
Yang Richard Yang,Yale University,sigcomm,1.0,0.16667,2022
Yang Richard Yang,Yale University,soda,1.0,0.33333,2007
Yang Richard Yang,Yale University,www,1.0,0.25,2001
Yang Xiang,Zhejiang University,aaai,1.0,0.25,2024
Yang Xiang,Zhejiang University,acl,2.0,0.17692,2025
Yang Xiang,Zhejiang University,imc,1.0,0.2,2012
Yang Xiang,Zhejiang University,kdd,2.0,0.5,2008
Yang Xiang,Zhejiang University,kdd,1.0,0.33333,2009
Yang Xiang,Zhejiang University,nips,1.0,0.33333,2023
Yang Xiang,Zhejiang University,nips,2.0,0.39286,2024
Yang Xiang,Zhejiang University,sigcomm,1.0,0.0625,2023
Yang Xiang,Zhejiang University,sigmod,1.0,0.25,2008
Yang Xiang,Zhejiang University,sigmod,1.0,0.25,2009
Yang Xiang,Zhejiang University,sigmod,1.0,0.2,2010
Yang Xiang,Zhejiang University,sigmod,1.0,0.25,2012
Yang Xiang,Zhejiang University,usenixsec,1.0,0.125,2025
Yang Xiang,Zhejiang University,www,1.0,0.14286,2018
Yang Yang 0009,Zhejiang University,aaai,2.0,0.29167,2014
Yang Yang 0009,Zhejiang University,aaai,1.0,0.14286,2015
Yang Yang 0009,Zhejiang University,aaai,1.0,0.25,2016
Yang Yang 0009,Zhejiang University,aaai,4.0,0.8,2018
Yang Yang 0009,Zhejiang University,aaai,1.0,0.16667,2020
Yang Yang 0009,Zhejiang University,aaai,2.0,0.28571,2022
Yang Yang 0009,Zhejiang University,aaai,2.0,0.30952,2023
Yang Yang 0009,Zhejiang University,aaai,3.0,0.41071,2024
Yang Yang 0009,Zhejiang University,aaai,1.0,0.14286,2025
Yang Yang 0009,Zhejiang University,acl,1.0,0.090909,2024
Yang Yang 0009,Zhejiang University,cvpr,1.0,0.25,2017
Yang Yang 0009,Zhejiang University,emnlp,1.0,0.5,2023
Yang Yang 0009,Zhejiang University,iclr,1.0,0.16667,2024
Yang Yang 0009,Zhejiang University,iclr,2.0,0.28571,2025
Yang Yang 0009,Zhejiang University,icml,2.0,0.22549,2024
Yang Yang 0009,Zhejiang University,ijcai,1.0,0.16667,2020
Yang Yang 0009,Zhejiang University,ijcai,2.0,0.25397,2022
Yang Yang 0009,Zhejiang University,ijcai,2.0,0.30952,2024
Yang Yang 0009,Zhejiang University,kdd,1.0,0.090909,2012
Yang Yang 0009,Zhejiang University,kdd,1.0,0.2,2014
Yang Yang 0009,Zhejiang University,kdd,1.0,0.2,2015
Yang Yang 0009,Zhejiang University,kdd,1.0,0.16667,2022
Yang Yang 0009,Zhejiang University,kdd,3.0,0.49167,2023
Yang Yang 0009,Zhejiang University,kdd,4.0,0.66786,2024
Yang Yang 0009,Zhejiang University,nips,1.0,0.125,2022
Yang Yang 0009,Zhejiang University,nips,3.0,0.50952,2023
Yang Yang 0009,Zhejiang University,nips,4.0,0.57738,2024
Yang Yang 0009,Zhejiang University,sigir,1.0,0.125,2021
Yang Yang 0009,Zhejiang University,www,2.0,0.41667,2018
Yang Yang 0009,Zhejiang University,www,2.0,0.33333,2019
Yang Yang 0009,Zhejiang University,www,1.0,0.2,2020
Yang Yang 0009,Zhejiang University,www,1.0,0.055556,2023
Yang Yang 0009,Zhejiang University,www,2.0,0.34286,2024
Yang Yang 0009,Zhejiang University,www,1.0,0.125,2025
Yanlin Weng,Zhejiang University,cvpr,1.0,0.2,2025
Yanlin Weng,Zhejiang University,eurographics,1.0,0.25,2008
Yanlin Weng,Zhejiang University,eurographics,2.0,0.4,2013
Yanlin Weng,Zhejiang University,eurographics,1.0,0.16667,2018
Yanlin Weng,Zhejiang University,siggraph,1.0,0.16667,2012
Yanlin Weng,Zhejiang University,siggraph,2.0,0.45,2013
Yanlin Weng,Zhejiang University,siggraph,2.0,0.4,2016
Yanlin Weng,Zhejiang University,siggraph-asia,2.0,0.36667,2018
Yi Gao 0001,Zhejiang University,acl,1.0,0.14286,2025
Yi Gao 0001,Zhejiang University,ccs,1.0,0.14286,2025
Yi Gao 0001,Zhejiang University,mobicom,1.0,0.2,2017
Yi Gao 0001,Zhejiang University,mobicom,1.0,0.16667,2020
Yi Gao 0001,Zhejiang University,mobicom,1.0,0.16667,2025
Yi Gao 0001,Zhejiang University,mobisys,2.0,0.39286,2022
Yi Gao 0001,Zhejiang University,mobisys,1.0,0.2,2025
Yi Gao 0001,Zhejiang University,nsdi,1.0,0.14286,2023
Yi Gao 0001,Zhejiang University,sensys,1.0,0.2,2024
Yi Gao 0001,Zhejiang University,ubicomp,1.0,0.2,2017
Yi Gao 0001,Zhejiang University,ubicomp,1.0,0.2,2019
Yi Gao 0001,Zhejiang University,ubicomp,3.0,0.66667,2024
Yi Gao 0001,Zhejiang University,ubicomp,1.0,0.25,2025
Yi Gao 0001,Zhejiang University,usenixatc,1.0,0.16667,2024
Yi Gao 0001,Zhejiang University,www,1.0,0.33333,2024
Yi Gao 0001,Zhejiang University,www,1.0,0.2,2025
Yi Yang 0001,Zhejiang University,aaai,1.0,0.2,2010
Yi Yang 0001,Zhejiang University,aaai,1.0,0.2,2011
Yi Yang 0001,Zhejiang University,aaai,1.0,0.2,2012
Yi Yang 0001,Zhejiang University,aaai,1.0,0.16667,2013
Yi Yang 0001,Zhejiang University,aaai,1.0,0.25,2014
Yi Yang 0001,Zhejiang University,aaai,4.0,0.70952,2015
Yi Yang 0001,Zhejiang University,aaai,2.0,0.4,2016
Yi Yang 0001,Zhejiang University,aaai,2.0,0.41667,2017
Yi Yang 0001,Zhejiang University,aaai,2.0,0.45,2018
Yi Yang 0001,Zhejiang University,aaai,3.0,0.73333,2019
Yi Yang 0001,Zhejiang University,aaai,7.0,1.8167,2020
Yi Yang 0001,Zhejiang University,aaai,3.0,0.78333,2021
Yi Yang 0001,Zhejiang University,aaai,2.0,0.5,2022
Yi Yang 0001,Zhejiang University,aaai,1.0,0.16667,2023
Yi Yang 0001,Zhejiang University,aaai,3.0,0.61667,2024
Yi Yang 0001,Zhejiang University,aaai,3.0,0.56667,2025
Yi Yang 0001,Zhejiang University,acl,2.0,0.36667,2023
Yi Yang 0001,Zhejiang University,cvpr,1.0,0.2,2011
Yi Yang 0001,Zhejiang University,cvpr,2.0,0.36667,2012
Yi Yang 0001,Zhejiang University,cvpr,2.0,0.5,2013
Yi Yang 0001,Zhejiang University,cvpr,2.0,0.36667,2014
Yi Yang 0001,Zhejiang University,cvpr,2.0,0.53333,2015
Yi Yang 0001,Zhejiang University,cvpr,3.0,0.65,2016
Yi Yang 0001,Zhejiang University,cvpr,4.0,1.0833,2017
Yi Yang 0001,Zhejiang University,cvpr,6.0,1.15,2018
Yi Yang 0001,Zhejiang University,cvpr,8.0,2.1,2019
Yi Yang 0001,Zhejiang University,cvpr,8.0,2.3929,2020
Yi Yang 0001,Zhejiang University,cvpr,11.0,2.8762,2021
Yi Yang 0001,Zhejiang University,cvpr,13.0,2.2552,2022
Yi Yang 0001,Zhejiang University,cvpr,13.0,2.7667,2023
Yi Yang 0001,Zhejiang University,cvpr,14.0,3.0671,2024
Yi Yang 0001,Zhejiang University,cvpr,6.0,1.5833,2025
Yi Yang 0001,Zhejiang University,eccv,1.0,0.2,2014
Yi Yang 0001,Zhejiang University,eccv,7.0,1.7333,2018
Yi Yang 0001,Zhejiang University,eccv,7.0,1.7595,2020
Yi Yang 0001,Zhejiang University,eccv,2.0,0.45,2022
Yi Yang 0001,Zhejiang University,eccv,9.0,2.0429,2024
Yi Yang 0001,Zhejiang University,emnlp,1.0,0.14286,2022
Yi Yang 0001,Zhejiang University,iccv,3.0,0.56667,2013
Yi Yang 0001,Zhejiang University,iccv,4.0,0.86667,2017
Yi Yang 0001,Zhejiang University,iccv,9.0,2.55,2019
Yi Yang 0001,Zhejiang University,iccv,11.0,2.4333,2021
Yi Yang 0001,Zhejiang University,iccv,14.0,2.7802,2023
Yi Yang 0001,Zhejiang University,icde,1.0,0.25,2013
Yi Yang 0001,Zhejiang University,iclr,1.0,0.14286,2019
Yi Yang 0001,Zhejiang University,iclr,2.0,0.7,2020
Yi Yang 0001,Zhejiang University,iclr,1.0,0.2,2021
Yi Yang 0001,Zhejiang University,iclr,1.0,0.33333,2022
Yi Yang 0001,Zhejiang University,iclr,4.0,1.0833,2023
Yi Yang 0001,Zhejiang University,iclr,1.0,0.25,2024
Yi Yang 0001,Zhejiang University,iclr,5.0,1.0929,2025
Yi Yang 0001,Zhejiang University,icml,1.0,0.25,2015
Yi Yang 0001,Zhejiang University,icml,2.0,0.4,2024
Yi Yang 0001,Zhejiang University,icml,4.0,0.86667,2025
Yi Yang 0001,Zhejiang University,ijcai,1.0,0.2,2011
Yi Yang 0001,Zhejiang University,ijcai,3.0,0.78333,2013
Yi Yang 0001,Zhejiang University,ijcai,3.0,0.50952,2015
Yi Yang 0001,Zhejiang University,ijcai,1.0,0.16667,2016
Yi Yang 0001,Zhejiang University,ijcai,4.0,0.76667,2018
Yi Yang 0001,Zhejiang University,ijcai,2.0,0.58333,2019
Yi Yang 0001,Zhejiang University,ijcai,1.0,0.5,2020
Yi Yang 0001,Zhejiang University,ijcai,2.0,0.66667,2023
Yi Yang 0001,Zhejiang University,ijcai,2.0,0.41667,2025
Yi Yang 0001,Zhejiang University,kdd,1.0,0.33333,2017
Yi Yang 0001,Zhejiang University,naacl,1.0,0.2,2021
Yi Yang 0001,Zhejiang University,naacl,1.0,0.11111,2022
Yi Yang 0001,Zhejiang University,nips,2.0,0.75,2019
Yi Yang 0001,Zhejiang University,nips,3.0,0.73333,2020
Yi Yang 0001,Zhejiang University,nips,2.0,0.58333,2021
Yi Yang 0001,Zhejiang University,nips,3.0,1.0,2022
Yi Yang 0001,Zhejiang University,nips,4.0,0.86667,2023
Yi Yang 0001,Zhejiang University,nips,7.0,1.8667,2024
Yi Yang 0001,Zhejiang University,sigir,1.0,0.16667,2014
Yi Yang 0001,Zhejiang University,sigir,1.0,0.25,2022
Yi Yang 0001,Zhejiang University,sigir,1.0,0.2,2025
Yi Yang 0001,Zhejiang University,sigmod,1.0,0.2,2013
Yilun Zhao 0001,Zhejiang University,acl,1.0,0.25000,2022
Yilun Zhao 0001,Zhejiang University,acl,2.0,0.21591,2023
Yilun Zhao 0001,Zhejiang University,acl,3.0,0.51667,2024
Yilun Zhao 0001,Zhejiang University,acl,5.0,1.02500,2025
Yilun Zhao 0001,Zhejiang University,cvpr,1.0,0.06250,2025
Yilun Zhao 0001,Zhejiang University,emnlp,2.0,0.34286,2022
Yilun Zhao 0001,Zhejiang University,emnlp,2.0,0.20833,2023
Yilun Zhao 0001,Zhejiang University,emnlp,3.0,0.32857,2024
Yilun Zhao 0001,Zhejiang University,iclr,2.0,0.22619,2025
Yilun Zhao 0001,Zhejiang University,naacl,1.0,0.20000,2024
Yilun Zhao 0001,Zhejiang University,naacl,3.0,0.62500,2025
Yilun Zhao 0001,Zhejiang University,nips,1.0,0.11111,2024
Ying Wei 0001,Zhejiang University,aaai,1.0,0.2,2016
Ying Wei 0001,Zhejiang University,aaai,2.0,0.45,2018
Ying Wei 0001,Zhejiang University,aaai,1.0,0.2,2019
Ying Wei 0001,Zhejiang University,aaai,1.0,0.125,2020
Ying Wei 0001,Zhejiang University,aaai,1.0,0.16667,2023
Ying Wei 0001,Zhejiang University,aaai,1.0,0.14286,2024
Ying Wei 0001,Zhejiang University,acl,1.0,0.33333,2023
Ying Wei 0001,Zhejiang University,acl,1.0,0.14286,2024
Ying Wei 0001,Zhejiang University,acl,1.0,0.33333,2025
Ying Wei 0001,Zhejiang University,cvpr,1.0,0.2,2023
Ying Wei 0001,Zhejiang University,cvpr,1.0,0.125,2024
Ying Wei 0001,Zhejiang University,emnlp,1.0,0.16667,2019
Ying Wei 0001,Zhejiang University,emnlp,1.0,0.14286,2020
Ying Wei 0001,Zhejiang University,emnlp,1.0,0.16667,2021
Ying Wei 0001,Zhejiang University,emnlp,1.0,0.16667,2024
Ying Wei 0001,Zhejiang University,iccv,1.0,0.33333,2023
Ying Wei 0001,Zhejiang University,iclr,2.0,0.36667,2024
Ying Wei 0001,Zhejiang University,iclr,3.0,0.43611,2025
Ying Wei 0001,Zhejiang University,icml,1.0,0.25,2018
Ying Wei 0001,Zhejiang University,icml,1.0,0.25,2019
Ying Wei 0001,Zhejiang University,icml,2.0,0.45833,2021
Ying Wei 0001,Zhejiang University,icml,2.0,0.325,2022
Ying Wei 0001,Zhejiang University,icml,3.0,0.58333,2024
Ying Wei 0001,Zhejiang University,icml,2.0,0.28333,2025
Ying Wei 0001,Zhejiang University,ijcai,2.0,0.45,2017
Ying Wei 0001,Zhejiang University,kdd,1.0,0.2,2014
Ying Wei 0001,Zhejiang University,kdd,1.0,0.33333,2016
Ying Wei 0001,Zhejiang University,kdd,1.0,0.2,2020
Ying Wei 0001,Zhejiang University,nips,1.0,0.33333,2018
Ying Wei 0001,Zhejiang University,nips,2.0,0.30952,2020
Ying Wei 0001,Zhejiang University,nips,2.0,0.30952,2021
Ying Wei 0001,Zhejiang University,nips,3.0,1.0,2022
Ying Wei 0001,Zhejiang University,nips,2.0,0.4,2023
Ying Wei 0001,Zhejiang University,nips,3.0,0.47778,2024
Ying Wei 0001,Zhejiang University,www,1.0,0.2,2019
Yingcai Wu,Zhejiang University,aaai,1.0,0.16667,2024
Yingcai Wu,Zhejiang University,aaai,1.0,0.125,2025
Yingcai Wu,Zhejiang University,ccs,1.0,0.125,2024
Yingcai Wu,Zhejiang University,chiconf,1.0,0.2,2018
Yingcai Wu,Zhejiang University,chiconf,1.0,0.11111,2021
Yingcai Wu,Zhejiang University,chiconf,1.0,0.16667,2023
Yingcai Wu,Zhejiang University,chiconf,3.0,0.40952,2024
Yingcai Wu,Zhejiang University,chiconf,5.0,0.86667,2025
Yingcai Wu,Zhejiang University,eurographics,1.0,0.16667,2009
Yingcai Wu,Zhejiang University,eurographics,2.0,0.45,2011
Yingcai Wu,Zhejiang University,eurographics,1.0,0.2,2016
Yingcai Wu,Zhejiang University,eurographics,1.0,0.125,2023
Yingcai Wu,Zhejiang University,kdd,1.0,0.1,2021
Yingcai Wu,Zhejiang University,ubicomp,1.0,0.11111,2020
Yingcai Wu,Zhejiang University,uist,2.0,0.29167,2023
Yingcai Wu,Zhejiang University,uist,1.0,0.11111,2024
Yingcai Wu,Zhejiang University,uist,5.0,0.57897,2025
Yingcai Wu,Zhejiang University,vis,1.0,0.2,2008
Yingcai Wu,Zhejiang University,vis,3.0,0.6,2009
Yingcai Wu,Zhejiang University,vis,1.0,0.14286,2010
Yingcai Wu,Zhejiang University,vis,1.0,0.33333,2012
Yingcai Wu,Zhejiang University,vis,2.0,0.34286,2013
Yingcai Wu,Zhejiang University,vis,3.0,0.56667,2014
Yingcai Wu,Zhejiang University,vis,1.0,0.14286,2017
Yingcai Wu,Zhejiang University,vis,1.0,0.14286,2018
Yingcai Wu,Zhejiang University,vis,3.0,0.45833,2019
Yingcai Wu,Zhejiang University,vis,2.0,0.25,2020
Yingcai Wu,Zhejiang University,vis,7.0,1.0861,2021
Yingcai Wu,Zhejiang University,vis,9.0,1.3325,2022
Yingcai Wu,Zhejiang University,vis,11.0,1.7659,2023
Yingcai Wu,Zhejiang University,vis,3.0,0.40278,2024
Yingcai Wu,Zhejiang University,vis,5.0,0.70238,2025
Yingcai Wu,Zhejiang University,vr,1.0,0.16667,2024
Yingjie Xia,Zhejiang University,acl,1.0,0.14286,2025
Yingjie Xia,Zhejiang University,ijcai,2.0,0.47619,2025
Yong Liu 0007,Zhejiang University,aaai,1.0,0.25,2006
Yong Liu 0007,Zhejiang University,aaai,4.0,0.72778,2020
Yong Liu 0007,Zhejiang University,aaai,4.0,0.55952,2021
Yong Liu 0007,Zhejiang University,aaai,1.0,0.14286,2022
Yong Liu 0007,Zhejiang University,aaai,1.0,0.25,2023
Yong Liu 0007,Zhejiang University,aaai,1.0,0.11111,2024
Yong Liu 0007,Zhejiang University,aaai,1.0,0.125,2025
Yong Liu 0007,Zhejiang University,cvpr,1.0,0.33333,2017
Yong Liu 0007,Zhejiang University,cvpr,2.0,0.225,2020
Yong Liu 0007,Zhejiang University,cvpr,1.0,0.16667,2022
Yong Liu 0007,Zhejiang University,cvpr,3.0,0.40278,2023
Yong Liu 0007,Zhejiang University,cvpr,3.0,0.34488,2024
Yong Liu 0007,Zhejiang University,cvpr,2.0,0.25397,2025
Yong Liu 0007,Zhejiang University,eccv,1.0,0.14286,2020
Yong Liu 0007,Zhejiang University,eccv,5.0,0.74563,2022
Yong Liu 0007,Zhejiang University,eccv,3.0,0.44286,2024
Yong Liu 0007,Zhejiang University,emnlp,1.0,0.14286,2024
Yong Liu 0007,Zhejiang University,iccv,1.0,0.16667,2019
Yong Liu 0007,Zhejiang University,iccv,2.0,0.3,2021
Yong Liu 0007,Zhejiang University,iccv,5.0,0.80278,2023
Yong Liu 0007,Zhejiang University,iclr,1.0,0.11111,2020
Yong Liu 0007,Zhejiang University,iclr,1.0,0.14286,2024
Yong Liu 0007,Zhejiang University,icml,1.0,0.125,2025
Yong Liu 0007,Zhejiang University,icra,1.0,0.25,2014
Yong Liu 0007,Zhejiang University,icra,2.0,0.58333,2015
Yong Liu 0007,Zhejiang University,icra,1.0,0.2,2016
Yong Liu 0007,Zhejiang University,icra,3.0,0.56667,2017
Yong Liu 0007,Zhejiang University,icra,1.0,0.16667,2019
Yong Liu 0007,Zhejiang University,icra,3.0,0.42063,2021
Yong Liu 0007,Zhejiang University,icra,4.0,0.7,2023
Yong Liu 0007,Zhejiang University,icra,4.0,0.60119,2024
Yong Liu 0007,Zhejiang University,icra,2.0,0.26786,2025
Yong Liu 0007,Zhejiang University,ijcai,2.0,0.45,2019
Yong Liu 0007,Zhejiang University,iros,1.0,0.125,2015
Yong Liu 0007,Zhejiang University,iros,1.0,0.33333,2016
Yong Liu 0007,Zhejiang University,iros,1.0,0.25,2017
Yong Liu 0007,Zhejiang University,iros,4.0,0.9,2019
Yong Liu 0007,Zhejiang University,iros,4.0,0.59683,2020
Yong Liu 0007,Zhejiang University,iros,6.0,0.875,2021
Yong Liu 0007,Zhejiang University,iros,1.0,0.16667,2022
Yong Liu 0007,Zhejiang University,iros,6.0,1.0095,2023
Yong Liu 0007,Zhejiang University,iros,3.0,0.48571,2024
Yong Liu 0007,Zhejiang University,iros,3.0,0.45,2025
Yong Liu 0007,Zhejiang University,nips,1.0,0.1,2021
Yong Liu 0007,Zhejiang University,nips,1.0,0.14286,2023
Yong Liu 0007,Zhejiang University,nips,2.0,0.17143,2024
Yong Liu 0007,Zhejiang University,siggraph-asia,1.0,0.125,2022
Yongchuan Tang,Zhejiang University,aaai,1.0,0.25,2019
Yongchuan Tang,Zhejiang University,aaai,1.0,0.2,2020
Yongchuan Tang,Zhejiang University,iccv,1.0,0.2,2021
Yongchuan Tang,Zhejiang University,ijcai,1.0,0.33333,2018
Yongshan Ding 0001,Yale University,asplos,2.0,0.41667,2025
Yongshan Ding 0001,Yale University,dac,2.0,0.30952,2022
Yongshan Ding 0001,Yale University,hpca,1.0,0.14286,2021
Yongshan Ding 0001,Yale University,hpca,1.0,0.14286,2022
Yongshan Ding 0001,Yale University,iccad,1.0,0.1,2022
Yongshan Ding 0001,Yale University,isca,1.0,0.11111,2018
Yongshan Ding 0001,Yale University,isca,2.0,0.30952,2020
Yongshan Ding 0001,Yale University,micro,1.0,0.16667,2018
Yongshan Ding 0001,Yale University,micro,1.0,0.11111,2019
Yongshan Ding 0001,Yale University,micro,1.0,0.16667,2020
Yongshan Ding 0001,Yale University,micro,1.0,0.2,2023
Yongwang Zhao,Zhejiang University,cav,1.0,0.5,2019
Yongwang Zhao,Zhejiang University,ccs,1.0,0.16667,2025
Yongwang Zhao,Zhejiang University,oopsla,1.0,0.16667,2025
Youyi Zheng,Zhejiang University,cvpr,3.0,0.45833,2022
Youyi Zheng,Zhejiang University,cvpr,1.0,0.2,2023
Youyi Zheng,Zhejiang University,cvpr,1.0,0.11111,2024
Youyi Zheng,Zhejiang University,cvpr,2.0,0.4,2025
Youyi Zheng,Zhejiang University,eccv,3.0,0.61667,2024
Youyi Zheng,Zhejiang University,eurographics,2.0,0.7,2010
Youyi Zheng,Zhejiang University,eurographics,1.0,0.2,2011
Youyi Zheng,Zhejiang University,eurographics,1.0,0.33333,2013
Youyi Zheng,Zhejiang University,eurographics,2.0,0.5,2014
Youyi Zheng,Zhejiang University,eurographics,1.0,0.25,2016
Youyi Zheng,Zhejiang University,eurographics,2.0,0.41667,2018
Youyi Zheng,Zhejiang University,iclr,1.0,0.11111,2025
Youyi Zheng,Zhejiang University,siggraph,1.0,0.16667,2012
Youyi Zheng,Zhejiang University,siggraph,1.0,0.16667,2019
Youyi Zheng,Zhejiang University,siggraph,1.0,0.125,2023
Youyi Zheng,Zhejiang University,siggraph,1.0,0.2,2025
Youyi Zheng,Zhejiang University,siggraph-asia,1.0,0.14286,2014
Youyi Zheng,Zhejiang University,siggraph-asia,2.0,0.36667,2018
Youyi Zheng,Zhejiang University,siggraph-asia,1.0,0.25,2019
Youyi Zheng,Zhejiang University,siggraph-asia,1.0,0.14286,2020
Youyi Zheng,Zhejiang University,siggraph-asia,1.0,0.2,2021
Youyi Zheng,Zhejiang University,siggraph-asia,2.0,0.53333,2022
Youyi Zheng,Zhejiang University,siggraph-asia,1.0,0.16667,2024
Youyi Zheng,Zhejiang University,uist,1.0,0.2,2017
Youyi Zheng,Zhejiang University,vr,1.0,0.25,2024
Yu Li 0007,Zhejiang University,aaai,1.0,0.25,2025
Yu Li 0007,Zhejiang University,acl,2.0,0.24286,2025
Yu Li 0007,Zhejiang University,ccs,1.0,0.2,2020
Yu Li 0007,Zhejiang University,dac,1.0,0.2,2021
Yu Li 0007,Zhejiang University,iclr,1.0,0.25,2025
Yu Li 0007,Zhejiang University,icml,1.0,0.25,2024
Yu Li 0007,Zhejiang University,icml,1.0,0.090909,2025
Yu Li 0007,Zhejiang University,ijcai,1.0,0.16667,2021
Yu Li 0007,Zhejiang University,issta,1.0,0.33333,2022
Yu Li 0007,Zhejiang University,ndss,1.0,0.2,2022
Yu Li 0007,Zhejiang University,nips,1.0,0.2,2021
Yu Li 0007,Zhejiang University,nips,1.0,0.33333,2023
Yu Li 0007,Zhejiang University,nips,2.0,0.5,2024
Yubo Tao,Zhejiang University,aaai,1.0,0.14286,2025
Yubo Tao,Zhejiang University,eurographics,1.0,0.14286,2013
Yubo Tao,Zhejiang University,eurographics,2.0,0.53333,2015
Yubo Tao,Zhejiang University,eurographics,1.0,0.2,2016
Yubo Tao,Zhejiang University,eurographics,1.0,0.16667,2022
Yubo Tao,Zhejiang University,ijcai,1.0,0.14286,2022
Yubo Tao,Zhejiang University,vis,1.0,0.16667,2012
Yuchen Mao 0001,Zhejiang University,focs,1.0,0.25,2024
Yuchen Mao 0001,Zhejiang University,soda,1.0,0.25,2024
Yuchen Mao 0001,Zhejiang University,stoc,2.0,0.5,2024
Yuchen Mao 0001,Zhejiang University,stoc,1.0,0.33333,2025
Yueting Zhuang,Zhejiang University,aaai,2.0,0.4,2010
Yueting Zhuang,Zhejiang University,aaai,2.0,0.36667,2013
Yueting Zhuang,Zhejiang University,aaai,3.0,0.56667,2015
Yueting Zhuang,Zhejiang University,aaai,2.0,0.41667,2016
Yueting Zhuang,Zhejiang University,aaai,1.0,0.16667,2017
Yueting Zhuang,Zhejiang University,aaai,2.0,0.4,2018
Yueting Zhuang,Zhejiang University,aaai,2.0,0.26786,2019
Yueting Zhuang,Zhejiang University,aaai,1.0,0.16667,2020
Yueting Zhuang,Zhejiang University,aaai,4.0,0.65238,2021
Yueting Zhuang,Zhejiang University,aaai,2.0,0.26786,2022
Yueting Zhuang,Zhejiang University,aaai,1.0,0.16667,2024
Yueting Zhuang,Zhejiang University,aaai,1.0,0.16667,2025
Yueting Zhuang,Zhejiang University,acl,1.0,0.16667,2018
Yueting Zhuang,Zhejiang University,acl,1.0,0.16667,2020
Yueting Zhuang,Zhejiang University,acl,1.0,0.16667,2021
Yueting Zhuang,Zhejiang University,acl,1.0,0.125,2022
Yueting Zhuang,Zhejiang University,acl,2.0,0.29167,2023
Yueting Zhuang,Zhejiang University,acl,4.0,0.56786,2024
Yueting Zhuang,Zhejiang University,acl,2.0,0.18333,2025
Yueting Zhuang,Zhejiang University,cvpr,1.0,0.25,2008
Yueting Zhuang,Zhejiang University,cvpr,1.0,0.2,2010
Yueting Zhuang,Zhejiang University,cvpr,1.0,0.2,2012
Yueting Zhuang,Zhejiang University,cvpr,1.0,0.2,2016
Yueting Zhuang,Zhejiang University,cvpr,1.0,0.2,2017
Yueting Zhuang,Zhejiang University,cvpr,1.0,0.16667,2019
Yueting Zhuang,Zhejiang University,cvpr,2.0,0.30952,2020
Yueting Zhuang,Zhejiang University,cvpr,4.0,0.44722,2022
Yueting Zhuang,Zhejiang University,cvpr,1.0,0.11111,2024
Yueting Zhuang,Zhejiang University,cvpr,3.0,0.28333,2025
Yueting Zhuang,Zhejiang University,emnlp,1.0,0.2,2017
Yueting Zhuang,Zhejiang University,emnlp,2.0,0.27778,2019
Yueting Zhuang,Zhejiang University,emnlp,1.0,0.11111,2020
Yueting Zhuang,Zhejiang University,emnlp,1.0,0.2,2021
Yueting Zhuang,Zhejiang University,emnlp,1.0,0.14286,2022
Yueting Zhuang,Zhejiang University,emnlp,3.0,0.40043,2024
Yueting Zhuang,Zhejiang University,iccv,1.0,0.5,2007
Yueting Zhuang,Zhejiang University,iccv,1.0,0.25,2017
Yueting Zhuang,Zhejiang University,iccv,2.0,0.23611,2021
Yueting Zhuang,Zhejiang University,iccv,4.0,0.55833,2023
Yueting Zhuang,Zhejiang University,iclr,1.0,0.1,2024
Yueting Zhuang,Zhejiang University,icml,2.0,0.25758,2022
Yueting Zhuang,Zhejiang University,icml,1.0,0.2,2023
Yueting Zhuang,Zhejiang University,icml,2.0,0.23611,2024
Yueting Zhuang,Zhejiang University,icml,2.0,0.14359,2025
Yueting Zhuang,Zhejiang University,ijcai,2.0,0.36667,2015
Yueting Zhuang,Zhejiang University,ijcai,3.0,0.48571,2016
Yueting Zhuang,Zhejiang University,ijcai,3.0,0.56667,2017
Yueting Zhuang,Zhejiang University,ijcai,5.0,0.76786,2018
Yueting Zhuang,Zhejiang University,ijcai,1.0,0.16667,2019
Yueting Zhuang,Zhejiang University,ijcai,1.0,0.16667,2020
Yueting Zhuang,Zhejiang University,ijcai,1.0,0.2,2021
Yueting Zhuang,Zhejiang University,ijcai,1.0,0.14286,2025
Yueting Zhuang,Zhejiang University,iros,1.0,0.16667,2022
Yueting Zhuang,Zhejiang University,naacl,1.0,0.14286,2019
Yueting Zhuang,Zhejiang University,nips,1.0,0.14286,2018
Yueting Zhuang,Zhejiang University,nips,1.0,0.2,2020
Yueting Zhuang,Zhejiang University,nips,1.0,0.125,2021
Yueting Zhuang,Zhejiang University,nips,1.0,0.11111,2022
Yueting Zhuang,Zhejiang University,nips,2.0,0.33333,2023
Yueting Zhuang,Zhejiang University,nips,1.0,0.11111,2024
Yueting Zhuang,Zhejiang University,sigir,1.0,0.16667,2013
Yueting Zhuang,Zhejiang University,sigir,1.0,0.16667,2014
Yueting Zhuang,Zhejiang University,sigir,1.0,0.16667,2019
Yueting Zhuang,Zhejiang University,sigir,1.0,0.16667,2021
Yueting Zhuang,Zhejiang University,vldb,1.0,0.2,2014
Yueting Zhuang,Zhejiang University,www,1.0,0.33333,2002
Yueting Zhuang,Zhejiang University,www,1.0,0.16667,2018
Yueting Zhuang,Zhejiang University,www,1.0,0.16667,2019
Yunhe Pan,Zhejiang University,aaai,1.0,0.25,2004
Yunhe Pan,Zhejiang University,aaai,1.0,0.25,2006
Yunhe Pan,Zhejiang University,aaai,1.0,0.25,2007
Yunhe Pan,Zhejiang University,eurographics,1.0,0.33333,2000
Yunhe Pan,Zhejiang University,eurographics,1.0,0.25,2002
Yunhe Pan,Zhejiang University,eurographics,1.0,0.25,2003
Yunhe Pan,Zhejiang University,eurographics,1.0,0.2,2007
Yunhe Pan,Zhejiang University,eurographics,1.0,0.2,2008
Yunhe Pan,Zhejiang University,kdd,1.0,0.25,2002
Yunjun Gao,Zhejiang University,aaai,1.0,0.16667,2019
Yunjun Gao,Zhejiang University,aaai,2.0,0.33333,2021
Yunjun Gao,Zhejiang University,cvpr,1.0,0.14286,2022
Yunjun Gao,Zhejiang University,icde,1.0,0.2,2014
Yunjun Gao,Zhejiang University,icde,1.0,0.2,2015
Yunjun Gao,Zhejiang University,icde,2.0,0.34286,2016
Yunjun Gao,Zhejiang University,icde,1.0,0.16667,2017
Yunjun Gao,Zhejiang University,icde,3.0,0.61667,2018
Yunjun Gao,Zhejiang University,icde,2.0,0.36667,2019
Yunjun Gao,Zhejiang University,icde,3.0,0.5,2020
Yunjun Gao,Zhejiang University,icde,2.0,0.36667,2021
Yunjun Gao,Zhejiang University,icde,7.0,1.1909,2022
Yunjun Gao,Zhejiang University,icde,6.0,0.97738,2023
Yunjun Gao,Zhejiang University,icde,11.0,1.7952,2024
Yunjun Gao,Zhejiang University,icde,9.0,1.6833,2025
Yunjun Gao,Zhejiang University,icml,2.0,0.29167,2025
Yunjun Gao,Zhejiang University,ijcai,1.0,0.2,2022
Yunjun Gao,Zhejiang University,kdd,2.0,0.30952,2022
Yunjun Gao,Zhejiang University,kdd,1.0,0.125,2023
Yunjun Gao,Zhejiang University,kdd,1.0,0.14286,2024
Yunjun Gao,Zhejiang University,nips,1.0,0.14286,2022
Yunjun Gao,Zhejiang University,oakland,1.0,0.14286,2025
Yunjun Gao,Zhejiang University,sigir,1.0,0.2,2011
Yunjun Gao,Zhejiang University,sigir,1.0,0.2,2021
Yunjun Gao,Zhejiang University,sigir,2.0,0.34286,2022
Yunjun Gao,Zhejiang University,sigir,2.0,0.30952,2023
Yunjun Gao,Zhejiang University,sigir,1.0,0.16667,2025
Yunjun Gao,Zhejiang University,sigmod,1.0,0.5,2009
Yunjun Gao,Zhejiang University,sigmod,2.0,0.36667,2015
Yunjun Gao,Zhejiang University,sigmod,1.0,0.2,2020
Yunjun Gao,Zhejiang University,sigmod,2.0,0.36667,2023
Yunjun Gao,Zhejiang University,sigmod,5.0,0.76667,2024
Yunjun Gao,Zhejiang University,sigmod,4.0,0.66667,2025
Yunjun Gao,Zhejiang University,vldb,1.0,0.2,2015
Yunjun Gao,Zhejiang University,vldb,1.0,0.16667,2017
Yunjun Gao,Zhejiang University,vldb,1.0,0.2,2018
Yunjun Gao,Zhejiang University,vldb,1.0,0.16667,2019
Yunjun Gao,Zhejiang University,vldb,4.0,0.67778,2021
Yunjun Gao,Zhejiang University,vldb,2.0,0.34286,2022
Yunjun Gao,Zhejiang University,vldb,7.0,0.94127,2023
Yunjun Gao,Zhejiang University,vldb,5.0,0.825,2024
Yunjun Gao,Zhejiang University,vldb,6.0,0.9623,2025
Yunjun Gao,Zhejiang University,www,2.0,0.325,2023
Yunjun Gao,Zhejiang University,www,1.0,0.125,2024
Zeke Wang,Zhejiang University,dac,1.0,0.14286,2022
Zeke Wang,Zhejiang University,dac,1.0,0.125,2023
Zeke Wang,Zhejiang University,eurosys,1.0,0.2,2020
Zeke Wang,Zhejiang University,hpca,1.0,0.25,2016
Zeke Wang,Zhejiang University,hpca,1.0,0.090909,2023
Zeke Wang,Zhejiang University,hpca,1.0,0.14286,2025
Zeke Wang,Zhejiang University,icde,1.0,0.25,2024
Zeke Wang,Zhejiang University,icde,3.0,0.33611,2025
Zeke Wang,Zhejiang University,iclr,1.0,0.14286,2025
Zeke Wang,Zhejiang University,isca,1.0,0.090909,2023
Zeke Wang,Zhejiang University,nsdi,1.0,0.14286,2018
Zeke Wang,Zhejiang University,nsdi,1.0,0.25,2024
Zeke Wang,Zhejiang University,sc,1.0,0.14286,2024
Zeke Wang,Zhejiang University,sc,2.0,0.26786,2025
Zeke Wang,Zhejiang University,sigcomm,1.0,0.0625,2023
Zeke Wang,Zhejiang University,usenixatc,1.0,0.2,2022
Zeke Wang,Zhejiang University,usenixatc,1.0,0.090909,2023
Zeke Wang,Zhejiang University,usenixatc,1.0,0.16667,2025
Zeke Wang,Zhejiang University,vldb,1.0,0.16667,2019
Zhan Qin,Zhejiang University,ccs,1.0,0.16667,2016
Zhan Qin,Zhejiang University,ccs,1.0,0.16667,2017
Zhan Qin,Zhejiang University,ccs,1.0,0.14286,2019
Zhan Qin,Zhejiang University,ccs,1.0,0.2,2022
Zhan Qin,Zhejiang University,ccs,1.0,0.25,2023
Zhan Qin,Zhejiang University,ccs,3.0,0.43452,2024
Zhan Qin,Zhejiang University,ccs,1.0,0.2,2025
Zhan Qin,Zhejiang University,dac,1.0,0.14286,2020
Zhan Qin,Zhejiang University,iccv,1.0,0.16667,2021
Zhan Qin,Zhejiang University,iccv,1.0,0.16667,2023
Zhan Qin,Zhejiang University,iclr,1.0,0.2,2022
Zhan Qin,Zhejiang University,iclr,1.0,0.2,2024
Zhan Qin,Zhejiang University,iclr,1.0,0.14286,2025
Zhan Qin,Zhejiang University,icml,1.0,0.14286,2021
Zhan Qin,Zhejiang University,issta,1.0,0.1,2023
Zhan Qin,Zhejiang University,kdd,1.0,0.125,2018
Zhan Qin,Zhejiang University,kdd,1.0,0.125,2023
Zhan Qin,Zhejiang University,ndss,1.0,0.14286,2020
Zhan Qin,Zhejiang University,ndss,2.0,0.30952,2025
Zhan Qin,Zhejiang University,nips,1.0,0.25,2023
Zhan Qin,Zhejiang University,oakland,3.0,0.55952,2024
Zhan Qin,Zhejiang University,sensys,1.0,0.11111,2015
Zhan Qin,Zhejiang University,sigmod,1.0,0.14286,2024
Zhan Qin,Zhejiang University,usenixsec,2.0,0.33333,2024
Zhan Qin,Zhejiang University,usenixsec,3.0,0.42063,2025
Zhan Qin,Zhejiang University,vldb,1.0,0.125,2022
Zhan Qin,Zhejiang University,vldb,1.0,0.14286,2023
Zhan Qin,Zhejiang University,vldb,1.0,0.125,2024
Zhan Qin,Zhejiang University,www,1.0,0.125,2023
Zhaohui Wu 0001,Zhejiang University,aaai,1.0,0.1,2008
Zhaohui Wu 0001,Zhejiang University,aaai,1.0,0.5,2010
Zhaohui Wu 0001,Zhejiang University,cvpr,1.0,0.33333,2007
Zhaohui Wu 0001,Zhejiang University,cvpr,1.0,0.33333,2008
Zhaohui Wu 0001,Zhejiang University,cvpr,1.0,0.25,2010
Zhaohui Wu 0001,Zhejiang University,cvpr,1.0,0.25,2012
Zhaohui Wu 0001,Zhejiang University,eccv,1.0,0.25,2006
Zhaohui Wu 0001,Zhejiang University,iccv,1.0,0.25,2007
Zhaohui Wu 0001,Zhejiang University,ijcai,1.0,0.33333,2011
Zhaohui Wu 0001,Zhejiang University,ijcai,1.0,0.25,2013
Zhaohui Wu 0001,Zhejiang University,ijcai,1.0,0.14286,2018
Zhaohui Wu 0001,Zhejiang University,ubicomp,2.0,0.225,2016
Zheyu Yan,Zhejiang University,dac,1.0,0.11111,2020
Zheyu Yan,Zhejiang University,dac,1.0,0.33333,2022
Zheyu Yan,Zhejiang University,dac,2.0,0.30952,2025
Zheyu Yan,Zhejiang University,iccad,1.0,0.33333,2022
Zheyu Yan,Zhejiang University,iccad,2.0,0.4,2023
Zheyu Yan,Zhejiang University,iccad,2.0,0.25,2024
Zheyu Yan,Zhejiang University,iccad,2.0,0.225,2025
Zhibo Wang 0001,Zhejiang University,aaai,1.0,0.16667,2020
Zhibo Wang 0001,Zhejiang University,aaai,1.0,0.14286,2024
Zhibo Wang 0001,Zhejiang University,ccs,1.0,0.14286,2015
Zhibo Wang 0001,Zhejiang University,ccs,1.0,0.14286,2018
Zhibo Wang 0001,Zhejiang University,ccs,3.0,0.40278,2024
Zhibo Wang 0001,Zhejiang University,cvpr,1.0,0.14286,2022
Zhibo Wang 0001,Zhejiang University,cvpr,2.0,0.24286,2023
Zhibo Wang 0001,Zhejiang University,iccv,1.0,0.16667,2019
Zhibo Wang 0001,Zhejiang University,iccv,1.0,0.16667,2021
Zhibo Wang 0001,Zhejiang University,iccv,2.0,0.26786,2023
Zhibo Wang 0001,Zhejiang University,icml,1.0,0.16667,2025
Zhibo Wang 0001,Zhejiang University,ijcai,1.0,0.125,2023
Zhibo Wang 0001,Zhejiang University,mobicom,1.0,0.11111,2022
Zhibo Wang 0001,Zhejiang University,nips,1.0,0.14286,2023
Zhibo Wang 0001,Zhejiang University,oakland,1.0,0.16667,2022
Zhibo Wang 0001,Zhejiang University,sensys,1.0,0.11111,2022
Zhibo Wang 0001,Zhejiang University,sigmod,1.0,0.16667,2024
Zhibo Wang 0001,Zhejiang University,ubicomp,1.0,0.14286,2021
Zhibo Wang 0001,Zhejiang University,ubicomp,1.0,0.11111,2023
Zhibo Wang 0001,Zhejiang University,usenixsec,2.0,0.34091,2024
Zhibo Wang 0001,Zhejiang University,usenixsec,2.0,0.25397,2025
Zhibo Wang 0001,Zhejiang University,www,1.0,0.2,2019
Zhipeng Gao 0002,Zhejiang University,aaai,1.0,0.125,2025
Zhipeng Gao 0002,Zhejiang University,acl,1.0,0.16667,2024
Zhipeng Gao 0002,Zhejiang University,ase,1.0,0.2,2021
Zhipeng Gao 0002,Zhejiang University,ase,1.0,0.33333,2023
Zhipeng Gao 0002,Zhejiang University,fse,1.0,0.2,2021
Zhipeng Gao 0002,Zhejiang University,fse,1.0,0.16667,2024
Zhipeng Gao 0002,Zhejiang University,icse,1.0,0.14286,2025
Zhipeng Gao 0002,Zhejiang University,issta,1.0,0.16667,2024
Zhiyuan Wan,Zhejiang University,ase,1.0,0.33333,2020
Zhiyuan Wan,Zhejiang University,ase,1.0,0.14286,2021
Zhiyuan Wan,Zhejiang University,fse,1.0,0.14286,2022
Zhiyuan Wan,Zhejiang University,fse,1.0,0.2,2023
Zhiyuan Wan,Zhejiang University,fse,3.0,0.50952,2025
Zhiyuan Wan,Zhejiang University,icse,1.0,0.25,2019
Zhiyuan Wan,Zhejiang University,icse,1.0,0.16667,2021
Zhiyuan Wan,Zhejiang University,icse,1.0,0.16667,2022
Zhiyuan Wan,Zhejiang University,icse,1.0,0.16667,2024
Zhiyuan Wan,Zhejiang University,ubicomp,1.0,0.14286,2019
Zhong Ren 0001,Zhejiang University,eurographics,1.0,0.25,2008
Zhong Ren 0001,Zhejiang University,eurographics,1.0,0.25,2010
Zhong Ren 0001,Zhejiang University,eurographics,1.0,0.25,2012
Zhong Ren 0001,Zhejiang University,eurographics,1.0,0.16667,2018
Zhong Ren 0001,Zhejiang University,siggraph,1.0,0.1,2006
Zhong Ren 0001,Zhejiang University,siggraph,1.0,0.16667,2008
Zhong Ren 0001,Zhejiang University,siggraph,1.0,0.2,2010
Zhong Ren 0001,Zhejiang University,siggraph,1.0,0.25,2012
Zhong Ren 0001,Zhejiang University,siggraph-asia,1.0,0.16667,2009
Zhong Ren 0001,Zhejiang University,siggraph-asia,1.0,0.2,2016
Zhong Ren 0001,Zhejiang University,siggraph-asia,1.0,0.14286,2024
Zhong Shao 0001,Yale University,cav,1.0,0.25,2017
Zhong Shao 0001,Yale University,cav,1.0,0.2,2019
Zhong Shao 0001,Yale University,ccs,1.0,0.125,2023
Zhong Shao 0001,Yale University,icfp,1.0,1.0,1997
Zhong Shao 0001,Yale University,icfp,2.0,1.3333,1998
Zhong Shao 0001,Yale University,icfp,2.0,1.3333,1999
Zhong Shao 0001,Yale University,icfp,1.0,0.33333,2000
Zhong Shao 0001,Yale University,icfp,1.0,0.5,2004
Zhong Shao 0001,Yale University,icfp,1.0,0.5,2005
Zhong Shao 0001,Yale University,icfp,1.0,0.5,2010
Zhong Shao 0001,Yale University,icra,1.0,0.25,2012
Zhong Shao 0001,Yale University,icra,1.0,0.33333,2020
Zhong Shao 0001,Yale University,lics,1.0,0.2,2002
Zhong Shao 0001,Yale University,lics,1.0,0.33333,2013
Zhong Shao 0001,Yale University,lics,1.0,0.33333,2014
Zhong Shao 0001,Yale University,lics,1.0,0.5,2020
Zhong Shao 0001,Yale University,oopsla,1.0,0.25,2019
Zhong Shao 0001,Yale University,oopsla,1.0,0.25,2020
Zhong Shao 0001,Yale University,oopsla,1.0,0.25,2021
Zhong Shao 0001,Yale University,oopsla,1.0,0.2,2022
Zhong Shao 0001,Yale University,oopsla,2.0,0.36667,2024
Zhong Shao 0001,Yale University,osdi,1.0,0.14286,2016
Zhong Shao 0001,Yale University,pldi,1.0,0.5,1995
Zhong Shao 0001,Yale University,pldi,1.0,0.33333,2001
Zhong Shao 0001,Yale University,pldi,1.0,0.2,2006
Zhong Shao 0001,Yale University,pldi,2.0,0.58333,2007
Zhong Shao 0001,Yale University,pldi,1.0,0.25,2008
Zhong Shao 0001,Yale University,pldi,1.0,0.25,2014
Zhong Shao 0001,Yale University,pldi,1.0,0.33333,2015
Zhong Shao 0001,Yale University,pldi,2.0,0.53333,2016
Zhong Shao 0001,Yale University,pldi,1.0,0.11111,2018
Zhong Shao 0001,Yale University,pldi,1.0,0.5,2021
Zhong Shao 0001,Yale University,pldi,1.0,0.25,2022
Zhong Shao 0001,Yale University,pldi,1.0,0.16667,2024
Zhong Shao 0001,Yale University,pldi,2.0,0.5,2025
Zhong Shao 0001,Yale University,popl,1.0,0.5,1993
Zhong Shao 0001,Yale University,popl,1.0,0.25,2002
Zhong Shao 0001,Yale University,popl,1.0,0.5,2006
Zhong Shao 0001,Yale University,popl,1.0,0.5,2012
Zhong Shao 0001,Yale University,popl,1.0,0.125,2015
Zhong Shao 0001,Yale University,popl,1.0,0.33333,2019
Zhong Shao 0001,Yale University,popl,1.0,0.14286,2020
Zhong Shao 0001,Yale University,popl,2.0,0.45,2022
Zhong Shao 0001,Yale University,popl,1.0,0.33333,2023
Zhong Shao 0001,Yale University,popl,1.0,0.2,2024
Zhong Shao 0001,Yale University,popl,1.0,0.25,2025
Zhong Shao 0001,Yale University,usenixsec,1.0,0.2,2021
Zhongjie Ba,Zhejiang University,aaai,1.0,0.14286,2024
Zhongjie Ba,Zhejiang University,ccs,1.0,0.16667,2016
Zhongjie Ba,Zhejiang University,ccs,1.0,0.125,2023
Zhongjie Ba,Zhejiang University,ccs,3.0,0.43611,2024
Zhongjie Ba,Zhejiang University,cvpr,2.0,0.30952,2025
Zhongjie Ba,Zhejiang University,iccv,1.0,0.1,2023
Zhongjie Ba,Zhejiang University,iclr,1.0,0.11111,2025
Zhongjie Ba,Zhejiang University,mobisys,1.0,0.14286,2025
Zhongjie Ba,Zhejiang University,ndss,1.0,0.16667,2018
Zhongjie Ba,Zhejiang University,ndss,1.0,0.14286,2020
Zhongjie Ba,Zhejiang University,ndss,1.0,0.125,2023
Zhongjie Ba,Zhejiang University,oakland,1.0,0.125,2023
Zhongjie Ba,Zhejiang University,oakland,2.0,0.26786,2024
Zhongjie Ba,Zhejiang University,oakland,1.0,0.125,2025
Zhongjie Ba,Zhejiang University,sensys,1.0,0.125,2021
Zhongjie Ba,Zhejiang University,sensys,1.0,0.11111,2022
Zhongjie Ba,Zhejiang University,sensys,1.0,0.125,2023
Zhongjie Ba,Zhejiang University,ubicomp,2.0,0.29167,2022
Zhongjie Ba,Zhejiang University,ubicomp,2.0,0.27778,2023
Zhongjie Ba,Zhejiang University,usenixsec,4.0,0.59091,2024
Zhongjie Ba,Zhejiang University,usenixsec,1.0,0.11111,2025
Zhongjie Ba,Zhejiang University,www,1.0,0.14286,2023
Zhongxin Liu 0002,Zhejiang University,acl,1.0,0.2,2024
Zhongxin Liu 0002,Zhejiang University,ase,1.0,0.16667,2018
Zhongxin Liu 0002,Zhejiang University,ase,1.0,0.2,2019
Zhongxin Liu 0002,Zhejiang University,ase,1.0,0.25,2020
Zhongxin Liu 0002,Zhejiang University,ase,1.0,0.16667,2023
Zhongxin Liu 0002,Zhejiang University,ase,2.0,0.30952,2024
Zhongxin Liu 0002,Zhejiang University,fse,1.0,0.14286,2022
Zhongxin Liu 0002,Zhejiang University,fse,1.0,0.16667,2023
Zhongxin Liu 0002,Zhejiang University,fse,2.0,0.36667,2025
Zhongxin Liu 0002,Zhejiang University,icse,1.0,0.25,2023
Zhongxin Liu 0002,Zhejiang University,icse,1.0,0.2,2024
Zhongxin Liu 0002,Zhejiang University,issta,1.0,0.25,2023
Zhongxin Liu 0002,Zhejiang University,issta,2.0,0.29167,2024
Zhou Zhao 0001,Zhejiang University,aaai,1.0,0.16667,2016
Zhou Zhao 0001,Zhejiang University,aaai,2.0,0.30952,2017
Zhou Zhao 0001,Zhejiang University,aaai,1.0,0.14286,2018
Zhou Zhao 0001,Zhejiang University,aaai,3.0,0.45238,2019
Zhou Zhao 0001,Zhejiang University,aaai,4.0,0.70952,2020
Zhou Zhao 0001,Zhejiang University,aaai,3.0,0.50952,2022
Zhou Zhao 0001,Zhejiang University,aaai,2.0,0.33333,2023
Zhou Zhao 0001,Zhejiang University,aaai,1.0,0.11111,2024
Zhou Zhao 0001,Zhejiang University,aaai,3.0,0.36508,2025
Zhou Zhao 0001,Zhejiang University,acl,1.0,0.16667,2018
Zhou Zhao 0001,Zhejiang University,acl,2.0,0.30952,2020
Zhou Zhao 0001,Zhejiang University,acl,3.0,0.48333,2022
Zhou Zhao 0001,Zhejiang University,acl,6.0,0.76829,2023
Zhou Zhao 0001,Zhejiang University,acl,8.0,1.254,2024
Zhou Zhao 0001,Zhejiang University,acl,7.0,0.66749,2025
Zhou Zhao 0001,Zhejiang University,ase,1.0,0.14286,2018
Zhou Zhao 0001,Zhejiang University,ase,1.0,0.14286,2019
Zhou Zhao 0001,Zhejiang University,cvpr,1.0,0.16667,2019
Zhou Zhao 0001,Zhejiang University,cvpr,1.0,0.16667,2020
Zhou Zhao 0001,Zhejiang University,cvpr,2.0,0.41667,2021
Zhou Zhao 0001,Zhejiang University,cvpr,4.0,0.90952,2022
Zhou Zhao 0001,Zhejiang University,cvpr,4.0,0.55952,2023
Zhou Zhao 0001,Zhejiang University,cvpr,1.0,0.083333,2024
Zhou Zhao 0001,Zhejiang University,cvpr,5.0,0.57071,2025
Zhou Zhao 0001,Zhejiang University,emnlp,1.0,0.16667,2017
Zhou Zhao 0001,Zhejiang University,emnlp,1.0,0.16667,2018
Zhou Zhao 0001,Zhejiang University,emnlp,1.0,0.16667,2019
Zhou Zhao 0001,Zhejiang University,emnlp,3.0,0.34091,2023
Zhou Zhao 0001,Zhejiang University,emnlp,1.0,0.125,2024
Zhou Zhao 0001,Zhejiang University,iccv,4.0,0.51071,2023
Zhou Zhao 0001,Zhejiang University,iclr,1.0,0.16667,2019
Zhou Zhao 0001,Zhejiang University,iclr,1.0,0.14286,2021
Zhou Zhao 0001,Zhejiang University,iclr,1.0,0.25,2022
Zhou Zhao 0001,Zhejiang University,iclr,2.0,0.30952,2023
Zhou Zhao 0001,Zhejiang University,iclr,2.0,0.14835,2024
Zhou Zhao 0001,Zhejiang University,iclr,5.0,0.50731,2025
Zhou Zhao 0001,Zhejiang University,icml,1.0,0.16667,2019
Zhou Zhao 0001,Zhejiang University,icml,1.0,0.14286,2021
Zhou Zhao 0001,Zhejiang University,icml,1.0,0.1,2023
Zhou Zhao 0001,Zhejiang University,icml,4.0,0.34965,2024
Zhou Zhao 0001,Zhejiang University,icml,5.0,0.60595,2025
Zhou Zhao 0001,Zhejiang University,ijcai,1.0,0.2,2015
Zhou Zhao 0001,Zhejiang University,ijcai,1.0,0.2,2016
Zhou Zhao 0001,Zhejiang University,ijcai,3.0,0.56667,2017
Zhou Zhao 0001,Zhejiang University,ijcai,5.0,0.72619,2018
Zhou Zhao 0001,Zhejiang University,ijcai,4.0,0.76667,2019
Zhou Zhao 0001,Zhejiang University,ijcai,2.0,0.34286,2020
Zhou Zhao 0001,Zhejiang University,ijcai,1.0,0.25,2021
Zhou Zhao 0001,Zhejiang University,ijcai,3.0,0.64286,2022
Zhou Zhao 0001,Zhejiang University,ijcai,1.0,0.14286,2025
Zhou Zhao 0001,Zhejiang University,kdd,2.0,0.30952,2018
Zhou Zhao 0001,Zhejiang University,kdd,2.0,0.27778,2020
Zhou Zhao 0001,Zhejiang University,kdd,1.0,0.33333,2023
Zhou Zhao 0001,Zhejiang University,kdd,2.0,0.20202,2024
Zhou Zhao 0001,Zhejiang University,naacl,1.0,0.11111,2024
Zhou Zhao 0001,Zhejiang University,nips,1.0,0.14286,2018
Zhou Zhao 0001,Zhejiang University,nips,1.0,0.14286,2019
Zhou Zhao 0001,Zhejiang University,nips,1.0,0.2,2020
Zhou Zhao 0001,Zhejiang University,nips,2.0,0.83333,2021
Zhou Zhao 0001,Zhejiang University,nips,5.0,0.9671,2022
Zhou Zhao 0001,Zhejiang University,nips,4.0,0.65043,2023
Zhou Zhao 0001,Zhejiang University,nips,9.0,1.0579,2024
Zhou Zhao 0001,Zhejiang University,sigir,1.0,0.2,2018
Zhou Zhao 0001,Zhejiang University,sigir,2.0,0.41667,2019
Zhou Zhao 0001,Zhejiang University,sigir,2.0,0.41667,2020
Zhou Zhao 0001,Zhejiang University,sigir,2.0,0.36667,2021
Zhou Zhao 0001,Zhejiang University,sigir,2.0,0.225,2023
Zhou Zhao 0001,Zhejiang University,vldb,1.0,0.33333,2011
Zhou Zhao 0001,Zhejiang University,www,1.0,0.16667,2017
Zhou Zhao 0001,Zhejiang University,www,1.0,0.14286,2018
Zhou Zhao 0001,Zhejiang University,www,1.0,0.16667,2019
Zhou Zhao 0001,Zhejiang University,www,1.0,0.14286,2021
Zhou Zhao 0001,Zhejiang University,www,2.0,0.26786,2022
Zhou Zhao 0001,Zhejiang University,www,1.0,0.090909,2025
Zicheng Liao,Zhejiang University,aaai,1.0,0.2,2024
Zicheng Liao,Zhejiang University,cvpr,1.0,0.33333,2011
Zicheng Liao,Zhejiang University,cvpr,1.0,0.2,2012
Zicheng Liao,Zhejiang University,cvpr,2.0,0.45,2013
Zicheng Liao,Zhejiang University,cvpr,1.0,0.33333,2015
Zicheng Liao,Zhejiang University,cvpr,1.0,0.2,2016
Zicheng Liao,Zhejiang University,cvpr,1.0,0.33333,2018
Zicheng Liao,Zhejiang University,iccv,1.0,0.33333,2015
Zicheng Liao,Zhejiang University,siggraph,1.0,0.33333,2013
Zicheng Liao,Zhejiang University,siggraph,1.0,0.25,2015
Zicheng Liao,Zhejiang University,siggraph-asia,1.0,0.16667,2016
Ziming Zhao 0008,Zhejiang University,aaai,1.0,0.125,2023
Ziming Zhao 0008,Zhejiang University,fse,1.0,0.11111,2025
Ziming Zhao 0008,Zhejiang University,ijcai,1.0,0.33333,2025
Ziming Zhao 0008,Zhejiang University,www,1.0,0.2,2024
Ziqi Yang,Zhejiang University,aaai,1.0,0.125,2023
Ziqi Yang,Zhejiang University,aaai,1.0,0.125,2024
Ziqi Yang,Zhejiang University,ase,1.0,0.14286,2024
Ziqi Yang,Zhejiang University,ccs,1.0,0.25,2019
Ziqi Yang,Zhejiang University,chiconf,1.0,0.1,2025
Ziqi Yang,Zhejiang University,dac,1.0,0.14286,2020
Ziqi Yang,Zhejiang University,eccv,1.0,0.33333,2020
Ziqi Yang,Zhejiang University,iros,1.0,0.5,2020
Ziqi Yang,Zhejiang University,iros,1.0,0.2,2025
Ziqi Yang,Zhejiang University,kdd,1.0,0.14286,2024
Ziqi Yang,Zhejiang University,nips,1.0,0.11111,2024
Ziqi Yang,Zhejiang University,oakland,1.0,0.25,2024
Ziqi Yang,Zhejiang University,ubicomp,1.0,0.11111,2024
Ziqi Yang,Zhejiang University,usenixsec,1.0,0.16667,2024
Ziqi Yang,Zhejiang University,www,1.0,0.125,2025
Zonghui Wang,Zhejiang University,aaai,1.0,0.1,2024
Zonghui Wang,Zhejiang University,asplos,1.0,0.16667,2025
Zonghui Wang,Zhejiang University,ijcai,1.0,0.14286,2024
Zonghui Wang,Zhejiang University,usenixsec,1.0,0.11111,2025
